company,jp_name,en_name,orig_src,file
JR新幹線,荷物新幹線,E3 Cargo shinkansen,f/e3w.png,jr_icons/00_shinkansen/e3-cargo-shinkansen__e3w.png
JR新幹線,★東北新幹線E10,Tohoku shinkansen,f/e10.png,jr_icons/00_shinkansen/tohoku-shinkansen__e10.png
JR新幹線,★SOAR E927,Inspection car,f/e927.png,jr_icons/00_shinkansen/inspection-car__e927.png
JR新幹線,はやぶさ,"Hayabusa E5,H5",f/e5.png,jr_icons/00_shinkansen/hayabusa-e5-h5__e5.png
JR新幹線,はやぶさ,"Hayabusa E5,H5",f/h5.png,jr_icons/00_shinkansen/hayabusa-e5-h5__h5.png
JR新幹線,はやぶさ,"Hayabusa E5,H5",f/e5_.png,jr_icons/00_shinkansen/hayabusa-e5-h5__e5-1.png
JR新幹線,はやぶさ,"Hayabusa E5,H5",f/h5_.png,jr_icons/00_shinkansen/hayabusa-e5-h5__h5-1.png
JR新幹線,こまち,Komachi E6,f/e6.png,jr_icons/00_shinkansen/komachi-e6__e6.png
JR新幹線,こまち,Komachi E6,f/e6_.png,jr_icons/00_shinkansen/komachi-e6__e6-1.png
JR新幹線,やまびこ,Yamabiko E2-1,f/e2pi.png,jr_icons/00_shinkansen/yamabiko-e2-1__e2pi.png
JR新幹線,やまびこ,Yamabiko E2-1,f/e2pik.png,jr_icons/00_shinkansen/yamabiko-e2-1__e2pik.png
JR新幹線,やまびこ,Yamabiko E2-1,f/e2_pi.png,jr_icons/00_shinkansen/yamabiko-e2-1__e2-pi.png
JR新幹線,E8/E3-2つばさ,E8/E3-2 Tsubasa,f/e8.png,jr_icons/00_shinkansen/e8-e3-2-tsubasa__e8.png
JR新幹線,E8/E3-2つばさ,E8/E3-2 Tsubasa,f/e8_.png,jr_icons/00_shinkansen/e8-e3-2-tsubasa__e8-1.png
JR新幹線,E8/E3-2つばさ,E8/E3-2 Tsubasa,f/e3t2n.png,jr_icons/00_shinkansen/e8-e3-2-tsubasa__e3t2n.png
JR新幹線,E8/E3-2つばさ,E8/E3-2 Tsubasa,f/e3_t2n.png,jr_icons/00_shinkansen/e8-e3-2-tsubasa__e3-t2n.png
JR新幹線,かがやき/とき,"Kagayaki, Toki",f/e7.png,jr_icons/00_shinkansen/kagayaki-toki__e7.png
JR新幹線,East-i,Measureing Car,f/e926.png,jr_icons/00_shinkansen/measureing-car__e926.png
JR新幹線,,*アルファX試験車,f/e956a.png,jr_icons/00_shinkansen/x__e956a.png
JR新幹線,,*アルファX試験車,f/e956a_.png,jr_icons/00_shinkansen/x__e956a-1.png
JR新幹線,,*アルファX試験車,f/e956ay.png,jr_icons/00_shinkansen/x__e956ay.png
JR新幹線,,*アルファX試験車,f/e956b.png,jr_icons/00_shinkansen/x__e956b.png
JR新幹線,,*アルファX試験車,f/e956b_.png,jr_icons/00_shinkansen/x__e956b-1.png
JR新幹線,,*アルファX試験車,f/e956by.png,jr_icons/00_shinkansen/x__e956by.png
JR新幹線,*あさま,Asama E2-0,f/e2.png,jr_icons/00_shinkansen/asama-e2-0__e2.png
JR新幹線,*あさま,Asama E2-0,f/e2k.png,jr_icons/00_shinkansen/asama-e2-0__e2k.png
JR新幹線,*あさま,Asama E2-0,f/e2_.png,jr_icons/00_shinkansen/asama-e2-0__e2-1.png
JR新幹線,*やまびこ/とき,"*Yamabiko,Toki E2-0",f/e2pi0.png,jr_icons/00_shinkansen/yamabiko-toki-e2-0__e2pi0.png
JR新幹線,*やまびこ/とき,"*Yamabiko,Toki E2-0",f/e2pi0k.png,jr_icons/00_shinkansen/yamabiko-toki-e2-0__e2pi0k.png
JR新幹線,*やまびこ/とき,"*Yamabiko,Toki E2-0",f/e2_pi0.png,jr_icons/00_shinkansen/yamabiko-toki-e2-0__e2-pi0.png
JR新幹線,*初代リバイバル塗装,"*E2 Yamabiko,Toki",f/e2g.png,jr_icons/00_shinkansen/e2-yamabiko-toki__e2g.png
JR新幹線,*初代リバイバル塗装,"*E2 Yamabiko,Toki",f/e2gk.png,jr_icons/00_shinkansen/e2-yamabiko-toki__e2gk.png
JR新幹線,*初代リバイバル塗装,"*E2 Yamabiko,Toki",f/e2_g.png,jr_icons/00_shinkansen/e2-yamabiko-toki__e2-g.png
JR新幹線,*Maxとき/たにがわ,Max Toki *E4/E1,f/e4n_.png,jr_icons/00_shinkansen/max-toki-e4-e1__e4n.png
JR新幹線,*Maxとき/たにがわ,Max Toki *E4/E1,f/e4n.png,jr_icons/00_shinkansen/max-toki-e4-e1__e4n-1.png
JR新幹線,*Maxとき/たにがわ,Max Toki *E4/E1,f/e4.png,jr_icons/00_shinkansen/max-toki-e4-e1__e4.png
JR新幹線,*Maxとき/たにがわ,Max Toki *E4/E1,f/e4_.png,jr_icons/00_shinkansen/max-toki-e4-e1__e4-1.png
JR新幹線,*Maxとき/たにがわ,Max Toki *E4/E1,f/e1n.png,jr_icons/00_shinkansen/max-toki-e4-e1__e1n.png
JR新幹線,*Maxとき/たにがわ,Max Toki *E4/E1,f/e1.png,jr_icons/00_shinkansen/max-toki-e4-e1__e1.png
JR新幹線,*やまびこ/とき,Yamabiko 200,f/e200.png,jr_icons/00_shinkansen/yamabiko-200__e200.png
JR新幹線,*やまびこ/とき,Yamabiko 200,f/e200k.png,jr_icons/00_shinkansen/yamabiko-200__e200k.png
JR新幹線,*やまびこ/とき,Yamabiko 200,f/e200_.png,jr_icons/00_shinkansen/yamabiko-200__e200-1.png
JR新幹線,*やまびこ/とき,Yamabiko 200,f/e200-2.png,jr_icons/00_shinkansen/yamabiko-200__e200-2.png
JR新幹線,*やまびこ/とき,Yamabiko 200,f/e200o2.png,jr_icons/00_shinkansen/yamabiko-200__e200o2.png
JR新幹線,,*やまびこ/ときRN車,f/e200ng.png,jr_icons/00_shinkansen/rn__e200ng.png
JR新幹線,,*やまびこ/ときRN車,f/e200ngk.png,jr_icons/00_shinkansen/rn__e200ngk.png
JR新幹線,,*やまびこ/ときRN車,f/e200_ng.png,jr_icons/00_shinkansen/rn__e200-ng.png
JR新幹線,,*やまびこ/ときRN車,f/e200n.png,jr_icons/00_shinkansen/rn__e200n.png
JR新幹線,,*やまびこ/ときRN車,f/e200nk.png,jr_icons/00_shinkansen/rn__e200nk.png
JR新幹線,,*やまびこ/ときRN車,f/e200_n.png,jr_icons/00_shinkansen/rn__e200-n.png
JR新幹線,*試験車,EMU 962,f/j962.png,jr_icons/00_shinkansen/emu-962__j962.png
JR新幹線,*つばさ,"*Tsubasa E3-1,2",f/e3t2.png,jr_icons/00_shinkansen/tsubasa-e3-1-2__e3t2.png
JR新幹線,*つばさ,"*Tsubasa E3-1,2",f/e3t.png,jr_icons/00_shinkansen/tsubasa-e3-1-2__e3t.png
JR新幹線,*つばさ,"*Tsubasa E3-1,2",f/e3t2k.png,jr_icons/00_shinkansen/tsubasa-e3-1-2__e3t2k.png
JR新幹線,*つばさ,"*Tsubasa E3-1,2",f/e3tk.png,jr_icons/00_shinkansen/tsubasa-e3-1-2__e3tk.png
JR新幹線,*つばさ,"*Tsubasa E3-1,2",f/e3_t2.png,jr_icons/00_shinkansen/tsubasa-e3-1-2__e3-t2.png
JR新幹線,*つばさ,"*Tsubasa E3-1,2",f/e3_t.png,jr_icons/00_shinkansen/tsubasa-e3-1-2__e3-t.png
JR新幹線,*つばさ,"*Tsubasa E3-1,2",f/e3t1n.png,jr_icons/00_shinkansen/tsubasa-e3-1-2__e3t1n.png
JR新幹線,*つばさ,"*Tsubasa E3-1,2",f/e3_t1n.png,jr_icons/00_shinkansen/tsubasa-e3-1-2__e3-t1n.png
JR新幹線,*つばさ,*Tsubasa 400,f/e400n.png,jr_icons/00_shinkansen/tsubasa-400__e400n.png
JR新幹線,*つばさ,*Tsubasa 400,f/e400.png,jr_icons/00_shinkansen/tsubasa-400__e400.png
JR新幹線,*つばさ,*Tsubasa 400,f/e400nk.png,jr_icons/00_shinkansen/tsubasa-400__e400nk.png
JR新幹線,*つばさ,*Tsubasa 400,f/e400k.png,jr_icons/00_shinkansen/tsubasa-400__e400k.png
JR新幹線,*つばさ,*Tsubasa 400,f/e400_n.png,jr_icons/00_shinkansen/tsubasa-400__e400-n.png
JR新幹線,*つばさ,*Tsubasa 400,f/e400_.png,jr_icons/00_shinkansen/tsubasa-400__e400-1.png
JR新幹線,,*こまち,f/e3k.png,jr_icons/00_shinkansen/untitled__e3k.png
JR新幹線,,*こまち,f/e3kk.png,jr_icons/00_shinkansen/untitled__e3kk.png
JR新幹線,,*こまち,f/e3_k.png,jr_icons/00_shinkansen/untitled__e3-k.png
JR新幹線,,*こまち,f/e3kp.png,jr_icons/00_shinkansen/untitled__e3kp.png
JR新幹線,,*こまち,f/e3kpk.png,jr_icons/00_shinkansen/untitled__e3kpk.png
JR新幹線,,*こまち,f/e3_kp.png,jr_icons/00_shinkansen/untitled__e3-kp.png
JR新幹線,*現美新幹線,*Genbi E3-7,f/e3gb.png,jr_icons/00_shinkansen/genbi-e3-7__e3gb.png
JR新幹線,*とれいゆつばさ,"*Toreiyu E3-7




<
	新規追加
｜
	JR北海道
>

	
	
	1
	2
	大


2026/7/27 Update",f/e3ty.png,jr_icons/00_shinkansen/toreiyu-e3-7-jr-1-2-2026-7-27-update__e3ty.png
JR新幹線,,*ファステック360S,f/e954b.png,jr_icons/00_shinkansen/360s__e954b.png
JR新幹線,,*ファステック360S,f/e954b_.png,jr_icons/00_shinkansen/360s__e954b-1.png
JR新幹線,,*ファステック360S,f/e954a.png,jr_icons/00_shinkansen/360s__e954a.png
JR新幹線,,*ファステック360S,f/e954yb.png,jr_icons/00_shinkansen/360s__e954yb.png
JR新幹線,,*ファステック360S,f/e954yb_.png,jr_icons/00_shinkansen/360s__e954yb-1.png
JR新幹線,,*ファステック360S,f/e954_a.png,jr_icons/00_shinkansen/360s__e954-a.png
JR新幹線,,*360Z/Star21,f/e955.png,jr_icons/00_shinkansen/360z-star21__e955.png
JR新幹線,,*360Z/Star21,f/e955_.png,jr_icons/00_shinkansen/360z-star21__e955-1.png
JR新幹線,,*360Z/Star21,f/e952.png,jr_icons/00_shinkansen/360z-star21__e952.png
JR新幹線,,*360Z/Star21,f/e955y.png,jr_icons/00_shinkansen/360z-star21__e955y.png
JR新幹線,,*360Z/Star21,f/e955y_.png,jr_icons/00_shinkansen/360z-star21__e955y-1.png
JR新幹線,,*360Z/Star21,f/e953.png,jr_icons/00_shinkansen/360z-star21__e953.png
JR新幹線,,リニアExp,f/mlx001.png,jr_icons/00_shinkansen/exp__mlx001.png
JR新幹線,,リニアExp,f/mlx001b.png,jr_icons/00_shinkansen/exp__mlx001b.png
JR新幹線,,リニアExp,f/mlx01y.png,jr_icons/00_shinkansen/exp__mlx01y.png
JR新幹線,,リニアExp,f/mlx01.png,jr_icons/00_shinkansen/exp__mlx01.png
JR新幹線,,リニアExp,f/mlx01a.png,jr_icons/00_shinkansen/exp__mlx01a.png
JR新幹線,,リニアExp,f/c-l0_.png,jr_icons/00_shinkansen/exp__c-l0.png
JR新幹線,,リニアExp,f/c-l0.png,jr_icons/00_shinkansen/exp__c-l0-1.png
JR新幹線,,リニアExp,f/c-l0a.png,jr_icons/00_shinkansen/exp__c-l0a.png
JR新幹線,*WIN350/300X/,*Test car,f/w500a.png,jr_icons/00_shinkansen/test-car__w500a.png
JR新幹線,*WIN350/300X/,*Test car,f/w500b.png,jr_icons/00_shinkansen/test-car__w500b.png
JR新幹線,*WIN350/300X/,*Test car,f/c955a.png,jr_icons/00_shinkansen/test-car__c955a.png
JR新幹線,*WIN350/300X/,*Test car,f/c955b.png,jr_icons/00_shinkansen/test-car__c955b.png
JR新幹線,*WIN350/300X/,*Test car,f/0kwsk-efset.png,jr_icons/00_shinkansen/test-car__0kwsk-efset.png
JR新幹線,"さくら,つばめ,みずほ","Sakura N700,800",f/k800.png,jr_icons/00_shinkansen/sakura-n700-800__k800.png
JR新幹線,"さくら,つばめ,みずほ","Sakura N700,800",f/k800n.png,jr_icons/00_shinkansen/sakura-n700-800__k800n.png
JR新幹線,"さくら,つばめ,みずほ","Sakura N700,800",f/w700n.png,jr_icons/00_shinkansen/sakura-n700-800__w700n.png
JR新幹線,西九州新幹線かもめ,Kamome N700S,f/k700s.png,jr_icons/00_shinkansen/kamome-n700s__k700s.png
JR新幹線,西九州新幹線かもめ,Kamome N700S,f/k700s2.png,jr_icons/00_shinkansen/kamome-n700s__k700s2.png
JR新幹線,"のぞみ,ひかり,こだま","N700S/A,700",f/c700ns.png,jr_icons/00_shinkansen/n700s-a-700__c700ns.png
JR新幹線,"のぞみ,ひかり,こだま","N700S/A,700",f/c700n.png,jr_icons/00_shinkansen/n700s-a-700__c700n.png
JR新幹線,"のぞみ,ひかり,こだま","N700S/A,700",f/c700.png,jr_icons/00_shinkansen/n700s-a-700__c700.png
JR新幹線,山陽こだま,Rail Star/500/N700,f/w700nm.png,jr_icons/00_shinkansen/rail-star-500-n700__w700nm.png
JR新幹線,山陽こだま,Rail Star/500/N700,f/w700.png,jr_icons/00_shinkansen/rail-star-500-n700__w700.png
JR新幹線,山陽こだま,Rail Star/500/N700,f/w500.png,jr_icons/00_shinkansen/rail-star-500-n700__w500.png
JR新幹線,山陽こだま,Rail Star/500/N700,f/w500e.png,jr_icons/00_shinkansen/rail-star-500-n700__w500e.png
JR新幹線,山陽こだま,Rail Star/500/N700,f/w500k.png,jr_icons/00_shinkansen/rail-star-500-n700__w500k.png
JR新幹線,*京都鉄博500EVA2,*Kyoto rail museum,f/w500e2.png,jr_icons/00_shinkansen/kyoto-rail-museum__w500e2.png
JR新幹線,*こだま/グランドひかり,"*Kodama 0,100,300",f/w0n.png,jr_icons/00_shinkansen/kodama-0-100-300__w0n.png
JR新幹線,*こだま/グランドひかり,"*Kodama 0,100,300",f/w100n.png,jr_icons/00_shinkansen/kodama-0-100-300__w100n.png
JR新幹線,*こだま/グランドひかり,"*Kodama 0,100,300",f/c300.png,jr_icons/00_shinkansen/kodama-0-100-300__c300.png
JR新幹線,*こだま/グランドひかり,"*Kodama 0,100,300",f/c300p.png,jr_icons/00_shinkansen/kodama-0-100-300__c300p.png
JR新幹線,*こだま/グランドひかり,"*Kodama 0,100,300",f/w0w.png,jr_icons/00_shinkansen/kodama-0-100-300__w0w.png
JR新幹線,*こだま/グランドひかり,"*Kodama 0,100,300",f/c0.png,jr_icons/00_shinkansen/kodama-0-100-300__c0.png
JR新幹線,*こだま/グランドひかり,"*Kodama 0,100,300",f/c100.png,jr_icons/00_shinkansen/kodama-0-100-300__c100.png
JR新幹線,*こだま/グランドひかり,"*Kodama 0,100,300",f/w100.png,jr_icons/00_shinkansen/kodama-0-100-300__w100.png
JR新幹線,,*高速試験車,f/j961.png,jr_icons/00_shinkansen/untitled__j961.png
JR新幹線,,*高速試験車,f/j961s.png,jr_icons/00_shinkansen/untitled__j961s.png
JR新幹線,,*高速試験車,f/e925.png,jr_icons/00_shinkansen/untitled__e925.png
JR新幹線,,*高速試験車,f/j1000a.png,jr_icons/00_shinkansen/untitled__j1000a.png
JR新幹線,,*高速試験車,f/j1000b.png,jr_icons/00_shinkansen/untitled__j1000b.png
JR新幹線,,*高速試験車,f/c700n1.png,jr_icons/00_shinkansen/untitled__c700n1.png
JR新幹線,,Dr.イエロー923/*922,f/c923.png,jr_icons/00_shinkansen/dr-923-922__c923.png
JR新幹線,,Dr.イエロー923/*922,f/c922.png,jr_icons/00_shinkansen/dr-923-922__c922.png
JR新幹線,,Dr.イエロー923/*922,f/c922k.png,jr_icons/00_shinkansen/dr-923-922__c922k.png
JR新幹線,,Dr.イエロー923/*922,f/c922y.png,jr_icons/00_shinkansen/dr-923-922__c922y.png
JR新幹線,,Dr.イエロー923/*922,f/j922a.png,jr_icons/00_shinkansen/dr-923-922__j922a.png
JR新幹線,,Dr.イエロー923/*922,f/j922b.png,jr_icons/00_shinkansen/dr-923-922__j922b.png
JR新幹線,,Dr.イエロー923/*922,f/e921.png,jr_icons/00_shinkansen/dr-923-922__e921.png
JR新幹線,*お召列車/レール輸送,Royal/DL LRA91/9200,f/c0sp.png,jr_icons/00_shinkansen/royal-dl-lra91-9200__c0sp.png
JR新幹線,*お召列車/レール輸送,Royal/DL LRA91/9200,f/c0spw.png,jr_icons/00_shinkansen/royal-dl-lra91-9200__c0spw.png
JR新幹線,*お召列車/レール輸送,Royal/DL LRA91/9200,f/c9100.png,jr_icons/00_shinkansen/royal-dl-lra91-9200__c9100.png
JR新幹線,*お召列車/レール輸送,Royal/DL LRA91/9200,f/c9200.png,jr_icons/00_shinkansen/royal-dl-lra91-9200__c9200.png
JR新幹線,*機関車/検測車,*Measureing car,f/j911.png,jr_icons/00_shinkansen/measureing-car__j911.png
JR新幹線,*機関車/検測車,*Measureing car,f/j921-1.png,jr_icons/00_shinkansen/measureing-car__j921-1.png
JR新幹線,*機関車/検測車,*Measureing car,f/j921-2.png,jr_icons/00_shinkansen/measureing-car__j921-2.png
JR新幹線,935救援車,Working car,f/j935.png,jr_icons/00_shinkansen/working-car__j935.png
JR新幹線,山陽新幹線ラッピング,Sanyo Shinkansen,f/w700b.png,jr_icons/00_shinkansen/sanyo-shinkansen__w700b.png
JR新幹線,山陽新幹線ラッピング,Sanyo Shinkansen,f/w700m.png,jr_icons/00_shinkansen/sanyo-shinkansen__w700m.png
JR新幹線,山陽新幹線ラッピング,Sanyo Shinkansen,f/w700pi.png,jr_icons/00_shinkansen/sanyo-shinkansen__w700pi.png
JR新幹線,山陽新幹線ラッピング,Sanyo Shinkansen,f/w700ye.png,jr_icons/00_shinkansen/sanyo-shinkansen__w700ye.png
JR新幹線,*N700試験塗装,*Test color,f/c700ny.png,jr_icons/00_shinkansen/test-color__c700ny.png
JR新幹線,のぞみラッピング車,"N700A AD





<
	新規追加
｜
	JR北海道
>

	
	
	1
	2
	大


2026/7/24 Update",f/c700n_d.png,jr_icons/00_shinkansen/n700a-ad-jr-1-2-2026-7-24-update__c700n-d.png
JR北海道,ライラック/カムイ,"Lilac,Kamui 789/785",f/h789l.png,jr_icons/01_hokkaido/lilac-kamui-789-785__h789l.png
JR北海道,ライラック/カムイ,"Lilac,Kamui 789/785",f/h789-1.png,jr_icons/01_hokkaido/lilac-kamui-789-785__h789-1.png
JR北海道,ライラック/カムイ,"Lilac,Kamui 789/785",f/h785.png,jr_icons/01_hokkaido/lilac-kamui-789-785__h785.png
JR北海道,道内特急,Hokkaido express,f/h261-5v.png,jr_icons/01_hokkaido/hokkaido-express__h261-5v.png
JR北海道,道内特急,Hokkaido express,f/h261-5b.png,jr_icons/01_hokkaido/hokkaido-express__h261-5b.png
JR北海道,"道内特急,宗谷","Tokachi, Soya",f/h261w.png,jr_icons/01_hokkaido/tokachi-soya__h261w.png
JR北海道,"道内特急,宗谷","Tokachi, Soya",f/h261wl.png,jr_icons/01_hokkaido/tokachi-soya__h261wl.png
JR北海道,"道内特急,宗谷","Tokachi, Soya",f/h261.png,jr_icons/01_hokkaido/tokachi-soya__h261.png
JR北海道,青い星・赤い星,"Blue,Red star",f/h141bs.png,jr_icons/01_hokkaido/blue-red-star__h141bs.png
JR北海道,青い星・赤い星,"Blue,Red star",f/h141rs.png,jr_icons/01_hokkaido/blue-red-star__h141rs.png
JR北海道,★札幌地区739,Sapporo area,f/h739.png,jr_icons/01_hokkaido/sapporo-area__h739.png
JR北海道,函館千歳札沼線,Hakodate Line,f/h737.png,jr_icons/01_hokkaido/hakodate-line__h737.png
JR北海道,函館千歳札沼線,Hakodate Line,f/h733.png,jr_icons/01_hokkaido/hakodate-line__h733.png
JR北海道,函館千歳札沼線,Hakodate Line,f/h733l.png,jr_icons/01_hokkaido/hakodate-line__h733l.png
JR北海道,函館千歳札沼線,Hakodate Line,f/h733ll.png,jr_icons/01_hokkaido/hakodate-line__h733ll.png
JR北海道,函館千歳札沼線,Hakodate Line,f/h735.png,jr_icons/01_hokkaido/hakodate-line__h735.png
JR北海道,函館千歳札沼線,Hakodate Line,f/h731n.png,jr_icons/01_hokkaido/hakodate-line__h731n.png
JR北海道,函館千歳札沼線,Hakodate Line,f/h201n.png,jr_icons/01_hokkaido/hakodate-line__h201n.png
JR北海道,函館千歳札沼線,Hakodate Line,f/h721hid.png,jr_icons/01_hokkaido/hakodate-line__h721hid.png
JR北海道,道内各線,Hokkaido Area,f/h100.png,jr_icons/01_hokkaido/hokkaido-area__h100.png
JR北海道,道内各線,Hokkaido Area,f/h150fu.png,jr_icons/01_hokkaido/hokkaido-area__h150fu.png
JR北海道,道内各線,Hokkaido Area,f/h150.png,jr_icons/01_hokkaido/hokkaido-area__h150.png
JR北海道,道内各線,Hokkaido Area,f/h150-1.png,jr_icons/01_hokkaido/hokkaido-area__h150-1.png
JR北海道,宗谷/花咲線,"Soya, Hanasaki line",f/h54n.png,jr_icons/01_hokkaido/soya-hanasaki-line__h54n.png
JR北海道,宗谷/花咲線,"Soya, Hanasaki line",f/h54.png,jr_icons/01_hokkaido/soya-hanasaki-line__h54.png
JR北海道,宗谷/花咲線,"Soya, Hanasaki line",f/h54ks.png,jr_icons/01_hokkaido/soya-hanasaki-line__h54ks.png
JR北海道,宗谷/花咲線,"Soya, Hanasaki line",f/h54ks1.png,jr_icons/01_hokkaido/soya-hanasaki-line__h54ks1.png
JR北海道,はこだてライナー,Hakodate Area,f/h733v.png,jr_icons/01_hokkaido/hakodate-area__h733v.png
JR北海道,富良野/石北線H100,Asahikawa area,f/h100frn.png,jr_icons/01_hokkaido/asahikawa-area__h100frn.png
JR北海道,富良野/石北線H100,Asahikawa area,f/h100frn1.png,jr_icons/01_hokkaido/asahikawa-area__h100frn1.png
JR北海道,富良野/石北線H100,Asahikawa area,f/h100skhk.png,jr_icons/01_hokkaido/asahikawa-area__h100skhk.png
JR北海道,富良野/石北線H100,Asahikawa area,f/h100skhk1.png,jr_icons/01_hokkaido/asahikawa-area__h100skhk1.png
JR北海道,花咲線/釧網線,Kushiro area,f/h100hnsk.png,jr_icons/01_hokkaido/kushiro-area__h100hnsk.png
JR北海道,花咲線/釧網線,Kushiro area,f/h100hnsk1.png,jr_icons/01_hokkaido/kushiro-area__h100hnsk1.png
JR北海道,花咲線/釧網線,Kushiro area,f/h100snmo.png,jr_icons/01_hokkaido/kushiro-area__h100snmo.png
JR北海道,花咲線/釧網線,Kushiro area,f/h100snmo1.png,jr_icons/01_hokkaido/kushiro-area__h100snmo1.png
JR北海道,根室/宗谷線H100,"Nemuro, Soya line",f/h100ne.png,jr_icons/01_hokkaido/nemuro-soya-line__h100ne.png
JR北海道,根室/宗谷線H100,"Nemuro, Soya line",f/h100sy1.png,jr_icons/01_hokkaido/nemuro-soya-line__h100sy1.png
JR北海道,日高・室蘭線H100,"Hidaka, Muroran",f/h100hd.png,jr_icons/01_hokkaido/hidaka-muroran__h100hd.png
JR北海道,日高・室蘭線H100,"Hidaka, Muroran",f/h100mu1.png,jr_icons/01_hokkaido/hidaka-muroran__h100mu1.png
JR北海道,花咲線,Hanasaki line,f/h54wr.png,jr_icons/01_hokkaido/hanasaki-line__h54wr.png
JR北海道,花咲線,Hanasaki line,f/h54rw.png,jr_icons/01_hokkaido/hanasaki-line__h54rw.png
JR北海道,花咲線,Hanasaki line,f/h54hnp.png,jr_icons/01_hokkaido/hanasaki-line__h54hnp.png
JR北海道,花咲線,Hanasaki line,f/h54hn.png,jr_icons/01_hokkaido/hanasaki-line__h54hn.png
JR北海道,流氷物語,Semmo line,f/h54rmm.png,jr_icons/01_hokkaido/semmo-line__h54rmm.png
JR北海道,流氷物語,Semmo line,f/h54rmw.png,jr_icons/01_hokkaido/semmo-line__h54rmw.png
JR北海道,富良野美瑛ノロッコ,Norokko,f/de15jfu2.png,jr_icons/01_hokkaido/norokko__de15jfu2.png
JR北海道,富良野美瑛ノロッコ,Norokko,f/de15jfu.png,jr_icons/01_hokkaido/norokko__de15jfu.png
JR北海道,富良野美瑛ノロッコ,Norokko,f/de15jms.png,jr_icons/01_hokkaido/norokko__de15jms.png
JR北海道,富良野美瑛ノロッコ,Norokko,f/h510fu.png,jr_icons/01_hokkaido/norokko__h510fu.png
JR北海道,富良野美瑛ノロッコ,Norokko,f/h510fuk.png,jr_icons/01_hokkaido/norokko__h510fuk.png
JR北海道,釧路湿原ノロッコ,Norokko,f/de15h2510.png,jr_icons/01_hokkaido/norokko__de15h2510.png
JR北海道,釧路湿原ノロッコ,Norokko,f/de10jku.png,jr_icons/01_hokkaido/norokko__de10jku.png
JR北海道,釧路湿原ノロッコ,Norokko,f/h510ku.png,jr_icons/01_hokkaido/norokko__h510ku.png
JR北海道,釧路湿原ノロッコ,Norokko,f/h510kuk.png,jr_icons/01_hokkaido/norokko__h510kuk.png
JR北海道,検測車,Measurement car,f/h40mnt.png,jr_icons/01_hokkaido/measurement-car__h40mnt.png
JR北海道,検測車,Measurement car,f/h40mnt1.png,jr_icons/01_hokkaido/measurement-car__h40mnt1.png
JR北海道,検測車,Measurement car,f/h35.png,jr_icons/01_hokkaido/measurement-car__h35.png
JR北海道,検測車,Measurement car,f/h35p.png,jr_icons/01_hokkaido/measurement-car__h35p.png
JR北海道,除雪車,DMU 291/EMR1000,f/h291.png,jr_icons/01_hokkaido/dmu-291-emr1000__h291.png
JR北海道,除雪車,DMU 291/EMR1000,f/h291o.png,jr_icons/01_hokkaido/dmu-291-emr1000__h291o.png
JR北海道,除雪車,DMU 291/EMR1000,f/h-enr1000.png,jr_icons/01_hokkaido/dmu-291-emr1000__h-enr1000.png
JR北海道,北海道機関車,"DD200-500
過去の車両",f/dd200-5.png,jr_icons/01_hokkaido/dd200-500__dd200-5.png
JR北海道,北海道機関車,"DD200-500
過去の車両",f/dd200-5a.png,jr_icons/01_hokkaido/dd200-500__dd200-5a.png
JR北海道,*SWA/ライラック,*White Arrow/285,f/h785o1.png,jr_icons/01_hokkaido/white-arrow-285__h785o1.png
JR北海道,*SWA/ライラック,*White Arrow/285,f/h785o.png,jr_icons/01_hokkaido/white-arrow-285__h785o.png
JR北海道,*SWA/ライラック,*White Arrow/285,f/h285.png,jr_icons/01_hokkaido/white-arrow-285__h285.png
JR北海道,*ラッピング前H100,*DECMO,f/h100y.png,jr_icons/01_hokkaido/decmo__h100y.png
JR北海道,*函館/千歳線,*Hakodate Line,f/h201.png,jr_icons/01_hokkaido/hakodate-line__h201.png
JR北海道,*函館/千歳線,*Hakodate Line,f/h731.png,jr_icons/01_hokkaido/hakodate-line__h731.png
JR北海道,*函館/千歳線,*Hakodate Line,f/h731ml.png,jr_icons/01_hokkaido/hakodate-line__h731ml.png
JR北海道,*函館/千歳線,*Hakodate Line,f/h721ap.png,jr_icons/01_hokkaido/hakodate-line__h721ap.png
JR北海道,*函館/千歳線,*Hakodate Line,f/h721.png,jr_icons/01_hokkaido/hakodate-line__h721.png
JR北海道,*函館/千歳線,*Hakodate Line,f/h721u.png,jr_icons/01_hokkaido/hakodate-line__h721u.png
JR北海道,*Sおおぞら/とかち,"*Ozora, Tokachi",f/h283h.png,jr_icons/01_hokkaido/ozora-tokachi__h283h.png
JR北海道,*Sおおぞら/とかち,"*Ozora, Tokachi",f/h283p.png,jr_icons/01_hokkaido/ozora-tokachi__h283p.png
JR北海道,*Sおおぞら/とかち,"*Ozora, Tokachi",f/h261t.png,jr_icons/01_hokkaido/ozora-tokachi__h261t.png
JR北海道,*Sおおぞら/とかち,"*Ozora, Tokachi",f/h283.png,jr_icons/01_hokkaido/ozora-tokachi__h283.png
JR北海道,*ノースレインボー,"ニセコ,クリスタルExp",f/h183j52.png,jr_icons/01_hokkaido/exp__h183j52.png
JR北海道,*ノースレインボー,"ニセコ,クリスタルExp",f/h183j50.png,jr_icons/01_hokkaido/exp__h183j50.png
JR北海道,*ノースレインボー,"ニセコ,クリスタルExp",f/h183j51.png,jr_icons/01_hokkaido/exp__h183j51.png
JR北海道,*S北斗/白鳥,*Hokuto,f/h281b.png,jr_icons/01_hokkaido/hokuto__h281b.png
JR北海道,*S北斗/白鳥,*Hokuto,f/h281kh.png,jr_icons/01_hokkaido/hokuto__h281kh.png
JR北海道,*S北斗/白鳥,*Hokuto,f/h281pb.png,jr_icons/01_hokkaido/hokuto__h281pb.png
JR北海道,*S北斗/白鳥,*Hokuto,f/h281pn.png,jr_icons/01_hokkaido/hokuto__h281pn.png
JR北海道,*S北斗/白鳥,*Hokuto,f/h281ps.png,jr_icons/01_hokkaido/hokuto__h281ps.png
JR北海道,*S北斗/白鳥,*Hokuto,f/h281p.png,jr_icons/01_hokkaido/hokuto__h281p.png
JR北海道,*S北斗/白鳥,*Hokuto,f/h281.png,jr_icons/01_hokkaido/hokuto__h281.png
JR北海道,*S北斗/白鳥,*Hokuto,f/h281h.png,jr_icons/01_hokkaido/hokuto__h281h.png
JR北海道,*ラッピング特急,*Hokuto/Kamui,f/h281psnsn.png,jr_icons/01_hokkaido/hokuto-kamui__h281psnsn.png
JR北海道,*ラッピング特急,*Hokuto/Kamui,f/h789g1.png,jr_icons/01_hokkaido/hokuto-kamui__h789g1.png
JR北海道,*スーパー白鳥,*Hakucho,f/h785g.png,jr_icons/01_hokkaido/hakucho__h785g.png
JR北海道,*スーパー白鳥,*Hakucho,f/h789.png,jr_icons/01_hokkaido/hakucho__h789.png
JR北海道,*日高線/Hybrid,*Hidaka Line,f/h160-1.png,jr_icons/01_hokkaido/hidaka-line__h160-1.png
JR北海道,*日高線/Hybrid,*Hidaka Line,f/h130.png,jr_icons/01_hokkaido/hidaka-line__h130.png
JR北海道,*日高線/Hybrid,*Hidaka Line,f/h130o.png,jr_icons/01_hokkaido/hidaka-line__h130o.png
JR北海道,*日高線/Hybrid,*Hidaka Line,f/h130pony.png,jr_icons/01_hokkaido/hidaka-line__h130pony.png
JR北海道,*日高線/Hybrid,*Hidaka Line,f/h160-2.png,jr_icons/01_hokkaido/hidaka-line__h160-2.png
JR北海道,*日高線/Hybrid,*Hidaka Line,f/h160itt.png,jr_icons/01_hokkaido/hidaka-line__h160itt.png
JR北海道,*DMV,"*Dual mode beagle






<
	新幹線
｜
	JR東日本
>

	
	
	1
	2
	大


2026/9/18 Update",f/h-dmv3.png,jr_icons/01_hokkaido/dual-mode-beagle-jr-1-2-2026-9-18-update__h-dmv3.png
JR北海道,*DMV,"*Dual mode beagle






<
	新幹線
｜
	JR東日本
>

	
	
	1
	2
	大


2026/9/18 Update",f/h-udmv901.png,jr_icons/01_hokkaido/dual-mode-beagle-jr-1-2-2026-9-18-update__h-udmv901.png
JR北海道,*DMV,"*Dual mode beagle






<
	新幹線
｜
	JR東日本
>

	
	
	1
	2
	大


2026/9/18 Update",f/h-dmv901.png,jr_icons/01_hokkaido/dual-mode-beagle-jr-1-2-2026-9-18-update__h-dmv901.png
JR北海道,*DMV,"*Dual mode beagle






<
	新幹線
｜
	JR東日本
>

	
	
	1
	2
	大


2026/9/18 Update",f/h-dmv921.png,jr_icons/01_hokkaido/dual-mode-beagle-jr-1-2-2026-9-18-update__h-dmv921.png
JR北海道,*ライラック781,*Lilac,f/h781.png,jr_icons/01_hokkaido/lilac__h781.png
JR北海道,*北海道内特急,*HET 183,f/h183het.png,jr_icons/01_hokkaido/het-183__h183het.png
JR北海道,*北海道内特急,*HET 183,f/h183het2.png,jr_icons/01_hokkaido/het-183__h183het2.png
JR北海道,*北海道内特急,*HET 183,f/h183khet.png,jr_icons/01_hokkaido/het-183__h183khet.png
JR北海道,*北海道内特急,*HET 183,f/h183ok.png,jr_icons/01_hokkaido/het-183__h183ok.png
JR北海道,*北海道内特急,*HET 183,f/h183to.png,jr_icons/01_hokkaido/het-183__h183to.png
JR北海道,*北海道内特急,*HET 183,f/h183k4.png,jr_icons/01_hokkaido/het-183__h183k4.png
JR北海道,*北海道内特急,*HET 183,f/h183kto.png,jr_icons/01_hokkaido/het-183__h183kto.png
JR北海道,*北海道内特急,*HET 183,f/h183to1.png,jr_icons/01_hokkaido/het-183__h183to1.png
JR北海道,*函館/千歳線,*Hakodate Line,f/h711.png,jr_icons/01_hokkaido/hakodate-line__h711.png
JR北海道,*函館/千歳線,*Hakodate Line,f/h711c.png,jr_icons/01_hokkaido/hakodate-line__h711c.png
JR北海道,*北海道内各線,*Hokkaido Area,f/h56.png,jr_icons/01_hokkaido/hokkaido-area__h56.png
JR北海道,*北海道内各線,*Hokkaido Area,f/h40ks.png,jr_icons/01_hokkaido/hokkaido-area__h40ks.png
JR北海道,*北海道内各線,*Hokkaido Area,f/h22.png,jr_icons/01_hokkaido/hokkaido-area__h22.png
JR北海道,*北海道内各線,*Hokkaido Area,f/h40o.png,jr_icons/01_hokkaido/hokkaido-area__h40o.png
JR北海道,*北海道内各線,*Hokkaido Area,f/h46.png,jr_icons/01_hokkaido/hokkaido-area__h46.png
JR北海道,*北海道内各線,*Hokkaido Area,f/h40kso.png,jr_icons/01_hokkaido/hokkaido-area__h40kso.png
JR北海道,*北海道内各線,*Hokkaido Area,f/h40.png,jr_icons/01_hokkaido/hokkaido-area__h40.png
JR北海道,*札沼線,*Sassho line,f/h141.png,jr_icons/01_hokkaido/sassho-line__h141.png
JR北海道,*札沼線,*Sassho line,f/h141o.png,jr_icons/01_hokkaido/sassho-line__h141o.png
JR北海道,*札沼線,*Sassho line,f/h40ss.png,jr_icons/01_hokkaido/sassho-line__h40ss.png
JR北海道,*札沼線,*Sassho line,f/h40c.png,jr_icons/01_hokkaido/sassho-line__h40c.png
JR北海道,*道内快速/特快/礼文,*Hokkaido area,f/h54_ktm.png,jr_icons/01_hokkaido/hokkaido-area__h54-ktm.png
JR北海道,*道内快速/特快/礼文,*Hokkaido area,f/h40o_abs.png,jr_icons/01_hokkaido/hokkaido-area__h40o-abs.png
JR北海道,*道内快速/特快/礼文,*Hokkaido area,f/h40o_rmi.png,jr_icons/01_hokkaido/hokkaido-area__h40o-rmi.png
JR北海道,*道内快速/特快/礼文,*Hokkaido area,f/h54rb.png,jr_icons/01_hokkaido/hokkaido-area__h54rb.png
JR北海道,*道内快速/特快/礼文,*Hokkaido area,f/h54rb2.png,jr_icons/01_hokkaido/hokkaido-area__h54rb2.png
JR北海道,*宗谷風/キハ22風色,Hokkaido area,f/h40sy.png,jr_icons/01_hokkaido/hokkaido-area__h40sy.png
JR北海道,*宗谷風/キハ22風色,Hokkaido area,f/h40j2.png,jr_icons/01_hokkaido/hokkaido-area__h40j2.png
JR北海道,*日高線,*Hidaka line,f/h40mkw1.png,jr_icons/01_hokkaido/hidaka-line__h40mkw1.png
JR北海道,*日高線,*Hidaka line,f/h40mkw2.png,jr_icons/01_hokkaido/hidaka-line__h40mkw2.png
JR北海道,*日高線,*Hidaka line,f/h40hi.png,jr_icons/01_hokkaido/hidaka-line__h40hi.png
JR北海道,流氷/道東/道南/道央の恵み,Hokkaido area,f/h40y.png,jr_icons/01_hokkaido/hokkaido-area__h40y.png
JR北海道,流氷/道東/道南/道央の恵み,Hokkaido area,f/h40y1.png,jr_icons/01_hokkaido/hokkaido-area__h40y1.png
JR北海道,流氷/道東/道南/道央の恵み,Hokkaido area,f/h40g1.png,jr_icons/01_hokkaido/hokkaido-area__h40g1.png
JR北海道,流氷/道東/道南/道央の恵み,Hokkaido area,f/h40g2.png,jr_icons/01_hokkaido/hokkaido-area__h40g2.png
JR北海道,流氷/道東/道南/道央の恵み,Hokkaido area,f/h40m1.png,jr_icons/01_hokkaido/hokkaido-area__h40m1.png
JR北海道,流氷/道東/道南/道央の恵み,Hokkaido area,f/h40m2.png,jr_icons/01_hokkaido/hokkaido-area__h40m2.png
JR北海道,流氷/道東/道南/道央の恵み,Hokkaido area,f/h40r.png,jr_icons/01_hokkaido/hokkaido-area__h40r.png
JR北海道,流氷/道東/道南/道央の恵み,Hokkaido area,f/h40r1.png,jr_icons/01_hokkaido/hokkaido-area__h40r1.png
JR北海道,山紫水明号,Hokkaido area,f/h40ssg.png,jr_icons/01_hokkaido/hokkaido-area__h40ssg.png
JR北海道,山紫水明号,Hokkaido area,f/h40ssv.png,jr_icons/01_hokkaido/hokkaido-area__h40ssv.png
JR北海道,"*アルコン,トマム,フラノ","*AlphaCE,Tomamu",f/h59jal2.png,jr_icons/01_hokkaido/alphace-tomamu__h59jal2.png
JR北海道,"*アルコン,トマム,フラノ","*AlphaCE,Tomamu",f/h59jal.png,jr_icons/01_hokkaido/alphace-tomamu__h59jal.png
JR北海道,"*アルコン,トマム,フラノ","*AlphaCE,Tomamu",f/h56jal.png,jr_icons/01_hokkaido/alphace-tomamu__h56jal.png
JR北海道,"*アルコン,トマム,フラノ","*AlphaCE,Tomamu",f/h84jtse0.png,jr_icons/01_hokkaido/alphace-tomamu__h84jtse0.png
JR北海道,"*アルコン,トマム,フラノ","*AlphaCE,Tomamu",f/h84jtse.png,jr_icons/01_hokkaido/alphace-tomamu__h84jtse.png
JR北海道,"*アルコン,トマム,フラノ","*AlphaCE,Tomamu",f/h84jmlo.png,jr_icons/01_hokkaido/alphace-tomamu__h84jmlo.png
JR北海道,"*アルコン,トマム,フラノ","*AlphaCE,Tomamu",f/h84jfe.png,jr_icons/01_hokkaido/alphace-tomamu__h84jfe.png
JR北海道,道内夜行/北斗星など,Hokutosei/Rishiri,f/h400.png,jr_icons/01_hokkaido/hokutosei-rishiri__h400.png
JR北海道,道内夜行/北斗星など,Hokutosei/Rishiri,f/h400b.png,jr_icons/01_hokkaido/hokutosei-rishiri__h400b.png
JR北海道,道内夜行/北斗星など,Hokutosei/Rishiri,f/h14rs.png,jr_icons/01_hokkaido/hokutosei-rishiri__h14rs.png
JR北海道,道内夜行/北斗星など,Hokutosei/Rishiri,f/h14ok.png,jr_icons/01_hokkaido/hokutosei-rishiri__h14ok.png
JR北海道,道内夜行/北斗星など,Hokutosei/Rishiri,f/ed76-5.png,jr_icons/01_hokkaido/hokutosei-rishiri__ed76-5.png
JR北海道,道内夜行/北斗星など,Hokutosei/Rishiri,f/ed76-5b.png,jr_icons/01_hokkaido/hokutosei-rishiri__ed76-5b.png
JR北海道,道内夜行/北斗星など,Hokutosei/Rishiri,f/dd51bl.png,jr_icons/01_hokkaido/hokutosei-rishiri__dd51bl.png
JR北海道,道内夜行/北斗星など,Hokutosei/Rishiri,f/dd51bl2.png,jr_icons/01_hokkaido/hokutosei-rishiri__dd51bl2.png
JR北海道,*海峡/ミッドナイト,"*Kaikyo, Midnight",f/ed79.png,jr_icons/01_hokkaido/kaikyo-midnight__ed79.png
JR北海道,*海峡/ミッドナイト,"*Kaikyo, Midnight",f/h50bl.png,jr_icons/01_hokkaido/kaikyo-midnight__h50bl.png
JR北海道,*海峡/ミッドナイト,"*Kaikyo, Midnight",f/h27md.png,jr_icons/01_hokkaido/kaikyo-midnight__h27md.png
JR北海道,*海峡/ミッドナイト,"*Kaikyo, Midnight",f/h27md1.png,jr_icons/01_hokkaido/kaikyo-midnight__h27md1.png
JR北海道,道内SL,SL C11,f/c11su.png,jr_icons/01_hokkaido/sl-c11__c11su.png
JR北海道,道内SL,SL C11,f/c11on_.png,jr_icons/01_hokkaido/sl-c11__c11on.png
JR北海道,道内SL,SL C11,f/de10hsl.png,jr_icons/01_hokkaido/sl-c11__de10hsl.png
JR北海道,道内SL,SL C11,f/c11ns.png,jr_icons/01_hokkaido/sl-c11__c11ns.png
JR北海道,道内SL,SL C11,f/c11ns_.png,jr_icons/01_hokkaido/sl-c11__c11ns-1.png
JR北海道,道内SL,SL C11,f/h14zb.png,jr_icons/01_hokkaido/sl-c11__h14zb.png
JR北海道,*ノロッコ/ST/BBQ車,*Norokko/BBQ car,f/de15jnrk.png,jr_icons/01_hokkaido/norokko-bbq-car__de15jnrk.png
JR北海道,*ノロッコ/ST/BBQ車,*Norokko/BBQ car,f/h51nrk.png,jr_icons/01_hokkaido/norokko-bbq-car__h51nrk.png
JR北海道,*ノロッコ/ST/BBQ車,*Norokko/BBQ car,f/h8000stt.png,jr_icons/01_hokkaido/norokko-bbq-car__h8000stt.png
JR北海道,*ノロッコ/ST/BBQ車,*Norokko/BBQ car,f/h42nrk.png,jr_icons/01_hokkaido/norokko-bbq-car__h42nrk.png
JR北海道,*ノロッコ/ST/BBQ車,*Norokko/BBQ car,f/h4350nrk.png,jr_icons/01_hokkaido/norokko-bbq-car__h4350nrk.png
JR北海道,*ノロッコ/ST/BBQ車,*Norokko/BBQ car,f/h29000bbq.png,jr_icons/01_hokkaido/norokko-bbq-car__h29000bbq.png
JR北海道,*ノロッコ/ST/BBQ車,*Norokko/BBQ car,f/h40bbq.png,jr_icons/01_hokkaido/norokko-bbq-car__h40bbq.png
JR北海道,*ノロッコ/ST/BBQ車,*Norokko/BBQ car,f/h141bbq.png,jr_icons/01_hokkaido/norokko-bbq-car__h141bbq.png
JR北海道,旭山動物園/試験色/NRE,Asahiyama zoo,f/h183askw.png,jr_icons/01_hokkaido/asahiyama-zoo__h183askw.png
JR北海道,旭山動物園/試験色/NRE,Asahiyama zoo,f/h183askg.png,jr_icons/01_hokkaido/asahiyama-zoo__h183askg.png
JR北海道,旭山動物園/試験色/NRE,Asahiyama zoo,f/h183aspg.png,jr_icons/01_hokkaido/asahiyama-zoo__h183aspg.png
JR北海道,旭山動物園/試験色/NRE,Asahiyama zoo,f/h183askm.png,jr_icons/01_hokkaido/asahiyama-zoo__h183askm.png
JR北海道,旭山動物園/試験色/NRE,Asahiyama zoo,f/h183gr.png,jr_icons/01_hokkaido/asahiyama-zoo__h183gr.png
JR北海道,旭山動物園/試験色/NRE,Asahiyama zoo,f/h183nre.png,jr_icons/01_hokkaido/asahiyama-zoo__h183nre.png
JR北海道,*特別色/ぽっぽや,*Hokkaido area,f/h40pktn.png,jr_icons/01_hokkaido/hokkaido-area__h40pktn.png
JR北海道,*特別色/ぽっぽや,*Hokkaido area,f/h40pkani.png,jr_icons/01_hokkaido/hokkaido-area__h40pkani.png
JR北海道,*特別色/ぽっぽや,*Hokkaido area,f/h40pika.png,jr_icons/01_hokkaido/hokkaido-area__h40pika.png
JR北海道,*特別色/ぽっぽや,*Hokkaido area,f/h40jpo.png,jr_icons/01_hokkaido/hokkaido-area__h40jpo.png
JR北海道,*特別色/ぽっぽや,*Hokkaido area,f/h40or.png,jr_icons/01_hokkaido/hokkaido-area__h40or.png
JR北海道,*苗穂釧路入換機,*Switcher loco,f/de15dmv.png,jr_icons/01_hokkaido/switcher-loco__de15dmv.png
JR北海道,*苗穂釧路入換機,*Switcher loco,f/de10het.png,jr_icons/01_hokkaido/switcher-loco__de10het.png
JR北海道,*苗穂釧路入換機,*Switcher loco,f/dd16nae3s.png,jr_icons/01_hokkaido/switcher-loco__dd16nae3s.png
JR北海道,*苗穂釧路入換機,*Switcher loco,f/dd16nae2.png,jr_icons/01_hokkaido/switcher-loco__dd16nae2.png
JR北海道,*苗穂釧路入換機,*Switcher loco,f/dd51ph1.png,jr_icons/01_hokkaido/switcher-loco__dd51ph1.png
JR北海道,*苗穂釧路入換機,*Switcher loco,f/dd51ph2.png,jr_icons/01_hokkaido/switcher-loco__dd51ph2.png
JR北海道,*苗穂釧路入換機,*Switcher loco,f/dd16nae1.png,jr_icons/01_hokkaido/switcher-loco__dd16nae1.png
JR北海道,*苗穂釧路入換機,*Switcher loco,f/dd16nae1s.png,jr_icons/01_hokkaido/switcher-loco__dd16nae1s.png
JR北海道,*座敷車,*Tatami DMU,f/h183za.png,jr_icons/01_hokkaido/tatami-dmu__h183za.png
JR北海道,*座敷車,*Tatami DMU,f/h400za.png,jr_icons/01_hokkaido/tatami-dmu__h400za.png
JR北海道,*座敷車,*Tatami DMU,f/h56za.png,jr_icons/01_hokkaido/tatami-dmu__h56za.png
JR北海道,*座敷車,*Tatami DMU,f/h27za0.png,jr_icons/01_hokkaido/tatami-dmu__h27za0.png
JR北海道,*座敷車,*Tatami DMU,f/h27za1.png,jr_icons/01_hokkaido/tatami-dmu__h27za1.png
JR北海道,*座敷車,*Tatami DMU,f/h27zas1.png,jr_icons/01_hokkaido/tatami-dmu__h27zas1.png
JR北海道,*座敷車,*Tatami DMU,f/h27zas.png,jr_icons/01_hokkaido/tatami-dmu__h27zas.png
JR北海道,*座敷車,*Tatami DMU,f/h27za.png,jr_icons/01_hokkaido/tatami-dmu__h27za.png
JR北海道,*くるくる駒ケ岳,*サロベツトロッコ,f/h70000krkm.png,jr_icons/01_hokkaido/untitled__h70000krkm.png
JR北海道,*くるくる駒ケ岳,*サロベツトロッコ,f/h4350.png,jr_icons/01_hokkaido/untitled__h4350.png
JR北海道,*くるくる駒ケ岳,*サロベツトロッコ,f/h70000to1.png,jr_icons/01_hokkaido/untitled__h70000to1.png
JR北海道,*くるくる駒ケ岳,*サロベツトロッコ,f/h70000to.png,jr_icons/01_hokkaido/untitled__h70000to.png
JR北海道,*利尻 ED76-5,"*Rishiri






<
	新幹線
｜
	JR東日本
>

	
	
	1
	2
	大
Page


2026/8/21 Update",f/ed76r5_rsr.png,jr_icons/01_hokkaido/rishiri-jr-1-2-page-2026-8-21-update__ed76r5-rsr.png
JR東日本,★ルナ・アズール,Luna Azul,f/e657bb.png,jr_icons/02_east/luna-azul__e657bb.png
JR東日本,★ルナ・アズール,Luna Azul,f/e657bl.png,jr_icons/02_east/luna-azul__e657bl.png
JR東日本,あずさ/かいじ,Azusa/Kaiji,f/e353.png,jr_icons/02_east/azusa-kaiji__e353.png
JR東日本,あずさ/かいじ,Azusa/Kaiji,f/e353k.png,jr_icons/02_east/azusa-kaiji__e353k.png
JR東日本,ひたち/ときわ,Hitachi/Tokiwa,f/e657.png,jr_icons/02_east/hitachi-tokiwa__e657.png
JR東日本,ひたち/ときわ,Hitachi/Tokiwa,f/e657w.png,jr_icons/02_east/hitachi-tokiwa__e657w.png
JR東日本,成田Exp/房総特急,N'EX /Boso exp,f/e259n.png,jr_icons/02_east/n-ex-boso-exp__e259n.png
JR東日本,成田Exp/房総特急,N'EX /Boso exp,f/e259nk.png,jr_icons/02_east/n-ex-boso-exp__e259nk.png
JR東日本,成田Exp/房総特急,N'EX /Boso exp,f/e257s5.png,jr_icons/02_east/n-ex-boso-exp__e257s5.png
JR東日本,"サフィール,踊り子",Odoriko,f/e261.png,jr_icons/02_east/odoriko__e261.png
JR東日本,"サフィール,踊り子",Odoriko,f/e257od25.png,jr_icons/02_east/odoriko__e257od25.png
JR東日本,"サフィール,踊り子",Odoriko,f/e257odk.png,jr_icons/02_east/odoriko__e257odk.png
JR東日本,"サフィール,踊り子",Odoriko,f/e257od.png,jr_icons/02_east/odoriko__e257od.png
JR東日本,草津四万,Kusatsu-shima,f/e257-55.png,jr_icons/02_east/kusatsu-shima__e257-55.png
JR東日本,日光/きぬがわ,,f/e253nk.png,jr_icons/02_east/untitled__e253nk.png
JR東日本,日光/きぬがわ,,f/e253nkb.png,jr_icons/02_east/untitled__e253nkb.png
JR東日本,いなほE653,Inaho,f/e653ihp.png,jr_icons/02_east/inaho__e653ihp.png
JR東日本,いなほE653,Inaho,f/e653ihb.png,jr_icons/02_east/inaho__e653ihb.png
JR東日本,いなほE653,Inaho,f/e653or1.png,jr_icons/02_east/inaho__e653or1.png
JR東日本,いなほE653,Inaho,f/e653jb.png,jr_icons/02_east/inaho__e653jb.png
JR東日本,しらゆきE653,Inaho/Shirayuki,f/e653ni.png,jr_icons/02_east/inaho-shirayuki__e653ni.png
JR東日本,しらゆきE653,Inaho/Shirayuki,f/e653nu1.png,jr_icons/02_east/inaho-shirayuki__e653nu1.png
JR東日本,しらゆきE653,Inaho/Shirayuki,f/e653nu2.png,jr_icons/02_east/inaho-shirayuki__e653nu2.png
JR東日本,しらゆきE653,Inaho/Shirayuki,f/e653nu.png,jr_icons/02_east/inaho-shirayuki__e653nu.png
JR東日本,つがる,Tsugaru,f/e751t.png,jr_icons/02_east/tsugaru__e751t.png
JR東日本,四季島/お召し/なごみ,Shikishima/Royal train,f/e001.png,jr_icons/02_east/shikishima-royal-train__e001.png
JR東日本,四季島/お召し/なごみ,Shikishima/Royal train,f/e655sp.png,jr_icons/02_east/shikishima-royal-train__e655sp.png
JR東日本,四季島/お召し/なごみ,Shikishima/Royal train,f/e655sp3.png,jr_icons/02_east/shikishima-royal-train__e655sp3.png
JR東日本,四季島/お召し/なごみ,Shikishima/Royal train,f/e655sp2.png,jr_icons/02_east/shikishima-royal-train__e655sp2.png
JR東日本,四季島/お召し/なごみ,Shikishima/Royal train,f/e655sp1.png,jr_icons/02_east/shikishima-royal-train__e655sp1.png
JR東日本,四季島/お召し/なごみ,Shikishima/Royal train,f/e655spjp.png,jr_icons/02_east/shikishima-royal-train__e655spjp.png
JR東日本,四季島/お召し/なごみ,Shikishima/Royal train,f/e655spes.png,jr_icons/02_east/shikishima-royal-train__e655spes.png
JR東日本,臨時列車,Express,f/e257g5.png,jr_icons/02_east/express__e257g5.png
JR東日本,臨時列車,Express,f/e257g5k.png,jr_icons/02_east/express__e257g5k.png
JR東日本,臨時列車,Express,f/e653j.png,jr_icons/02_east/express__e653j.png
JR東日本,臨時列車,Express,f/e653m.png,jr_icons/02_east/express__e653m.png
JR東日本,臨時列車,Express,f/e255s.png,jr_icons/02_east/express__e255s.png
JR東日本,さきがけ,"SAKIGAKE
過去の車両(JR型)",f/e501skgk.png,jr_icons/02_east/sakigake-jr__e501skgk.png
JR東日本,さきがけ,"SAKIGAKE
過去の車両(JR型)",f/e501skgkk.png,jr_icons/02_east/sakigake-jr__e501skgkk.png
JR東日本,さきがけ,"SAKIGAKE
過去の車両(JR型)",f/e501skgk0.png,jr_icons/02_east/sakigake-jr__e501skgk0.png
JR東日本,さきがけ,"SAKIGAKE
過去の車両(JR型)",f/e501skgkk0.png,jr_icons/02_east/sakigake-jr__e501skgkk0.png
JR東日本,*スーパーはつかり,Hatsukari,f/e751.png,jr_icons/02_east/hatsukari__e751.png
JR東日本,*SV踊り子251,*Odoriko,f/e259od.png,jr_icons/02_east/odoriko__e259od.png
JR東日本,*SV踊り子251,*Odoriko,f/e251.png,jr_icons/02_east/odoriko__e251.png
JR東日本,*SV踊り子251,*Odoriko,f/e251n.png,jr_icons/02_east/odoriko__e251n.png
JR東日本,*ひたち,*Hitachi,f/e653bl.png,jr_icons/02_east/hitachi__e653bl.png
JR東日本,*ひたち,*Hitachi,f/e653gr.png,jr_icons/02_east/hitachi__e653gr.png
JR東日本,*ひたち,*Hitachi,f/e653ye.png,jr_icons/02_east/hitachi__e653ye.png
JR東日本,*ひたち,*Hitachi,f/e653or.png,jr_icons/02_east/hitachi__e653or.png
JR東日本,*ひたち,*Hitachi,f/e653re.png,jr_icons/02_east/hitachi__e653re.png
JR東日本,*ひたち,*Hitachi,f/e651b.png,jr_icons/02_east/hitachi__e651b.png
JR東日本,*ひたち/ときわ,*Hitachi/Tokiwa,f/e657b.png,jr_icons/02_east/hitachi-tokiwa__e657b.png
JR東日本,*ひたち/ときわ,*Hitachi/Tokiwa,f/e657g.png,jr_icons/02_east/hitachi-tokiwa__e657g.png
JR東日本,*ひたち/ときわ,*Hitachi/Tokiwa,f/e657y.png,jr_icons/02_east/hitachi-tokiwa__e657y.png
JR東日本,*ひたち/ときわ,*Hitachi/Tokiwa,f/e657o.png,jr_icons/02_east/hitachi-tokiwa__e657o.png
JR東日本,*ひたち/ときわ,*Hitachi/Tokiwa,f/e657r.png,jr_icons/02_east/hitachi-tokiwa__e657r.png
JR東日本,*あずさ/かいじ,*Azusa/Kaiji,f/e257s.png,jr_icons/02_east/azusa-kaiji__e257s.png
JR東日本,*あずさ/かいじ,*Azusa/Kaiji,f/e257sk.png,jr_icons/02_east/azusa-kaiji__e257sk.png
JR東日本,*あずさ/かいじ,*Azusa/Kaiji,f/e257.png,jr_icons/02_east/azusa-kaiji__e257.png
JR東日本,*あずさ/かいじ,*Azusa/Kaiji,f/e257k.png,jr_icons/02_east/azusa-kaiji__e257k.png
JR東日本,*あずさ/かいじ,*Azusa/Kaiji,f/e257kk.png,jr_icons/02_east/azusa-kaiji__e257kk.png
JR東日本,*あずさ/かいじ,*Azusa/Kaiji,f/e257-2.png,jr_icons/02_east/azusa-kaiji__e257-2.png
JR東日本,*あずさ/かいじ,*Azusa/Kaiji,f/e257k2.png,jr_icons/02_east/azusa-kaiji__e257k2.png
JR東日本,*スーパーあずさ,*Super Azusa,f/e351s.png,jr_icons/02_east/super-azusa__e351s.png
JR東日本,*スーパーあずさ,*Super Azusa,f/e351ks.png,jr_icons/02_east/super-azusa__e351ks.png
JR東日本,*スーパーあずさ,*Super Azusa,f/e351ks_.png,jr_icons/02_east/super-azusa__e351ks-1.png
JR東日本,*スーパーあずさ,*Super Azusa,f/e351.png,jr_icons/02_east/super-azusa__e351.png
JR東日本,*スーパーあずさ,*Super Azusa,f/e351k.png,jr_icons/02_east/super-azusa__e351k.png
JR東日本,*スーパーあずさ,*Super Azusa,f/e351k_.png,jr_icons/02_east/super-azusa__e351k-1.png
JR東日本,*成田EXP/房総特急,*N'EX/ Boso Exp,f/e259.png,jr_icons/02_east/n-ex-boso-exp__e259.png
JR東日本,*成田EXP/房総特急,*N'EX/ Boso Exp,f/e259_.png,jr_icons/02_east/n-ex-boso-exp__e259-1.png
JR東日本,*成田EXP/房総特急,*N'EX/ Boso Exp,f/e253.png,jr_icons/02_east/n-ex-boso-exp__e253.png
JR東日本,*成田EXP/房総特急,*N'EX/ Boso Exp,f/e253_.png,jr_icons/02_east/n-ex-boso-exp__e253-1.png
JR東日本,*成田EXP/房総特急,*N'EX/ Boso Exp,f/e257-5.png,jr_icons/02_east/n-ex-boso-exp__e257-5.png
JR東日本,*成田EXP/房総特急,*N'EX/ Boso Exp,f/e255.png,jr_icons/02_east/n-ex-boso-exp__e255.png
JR東日本,*草津/あかぎ,*Kusatsu/Akagi,f/e651.png,jr_icons/02_east/kusatsu-akagi__e651.png
JR東日本,*草津/あかぎ,*Kusatsu/Akagi,f/e651f.png,jr_icons/02_east/kusatsu-akagi__e651f.png
JR東日本,*伊豆クレイル,*Izu Kurail,f/e651izu.png,jr_icons/02_east/izu-kurail__e651izu.png
JR東日本,*カシオペアE26,*Cassiopeia,f/e26.png,jr_icons/02_east/cassiopeia__e26.png
JR東日本,*カシオペアE26,*Cassiopeia,f/e26f.png,jr_icons/02_east/cassiopeia__e26f.png
JR東日本,*カシオペアE26,*Cassiopeia,f/e26p.png,jr_icons/02_east/cassiopeia__e26p.png
JR東日本,*北斗星,*Cassiopeia,f/ef510e5c.png,jr_icons/02_east/cassiopeia__ef510e5c.png
JR東日本,*北斗星,*Cassiopeia,f/ef510e5hc.png,jr_icons/02_east/cassiopeia__ef510e5hc.png
JR東日本,*北斗星,*Cassiopeia,f/ef510e5h.png,jr_icons/02_east/cassiopeia__ef510e5h.png
JR東日本,*夢空間,Yumekukan,f/e25yume.png,jr_icons/02_east/yumekukan__e25yume.png
JR東日本,臨時富士回遊,Fuji Excursion,f/e257s5r.png,jr_icons/02_east/fuji-excursion__e257s5r.png
JR東日本,臨時富士回遊,Fuji Excursion,f/e257s5g.png,jr_icons/02_east/fuji-excursion__e257s5g.png
JR東日本,臨時富士回遊,Fuji Excursion,f/e257s5s.png,jr_icons/02_east/fuji-excursion__e257s5s.png
JR東日本,*TRY-Z,"Test Car
過去の車両(国鉄型)",f/e991tz1.png,jr_icons/02_east/test-car__e991tz1.png
JR東日本,*TRY-Z,"Test Car
過去の車両(国鉄型)",f/e991tz2.png,jr_icons/02_east/test-car__e991tz2.png
JR東日本,"*白鳥,かもしか",Tsugaru,f/e485ha.png,jr_icons/02_east/tsugaru__e485ha.png
JR東日本,"*白鳥,かもしか",Tsugaru,f/e485ka.png,jr_icons/02_east/tsugaru__e485ka.png
JR東日本,*ひたち485,*Hitachi,f/e485hi.png,jr_icons/02_east/hitachi__e485hi.png
JR東日本,*ひたち485,*Hitachi,f/e485hi-b.png,jr_icons/02_east/hitachi__e485hi-b.png
JR東日本,*ひたち485,*Hitachi,f/e485hi-b2.png,jr_icons/02_east/hitachi__e485hi-b2.png
JR東日本,*ひたち485,*Hitachi,f/e485hi-b3.png,jr_icons/02_east/hitachi__e485hi-b3.png
JR東日本,*あずさ/かいじ,*Azusa/Kaiji,f/e183az1.png,jr_icons/02_east/azusa-kaiji__e183az1.png
JR東日本,*あずさ/かいじ,*Azusa/Kaiji,f/e183az.png,jr_icons/02_east/azusa-kaiji__e183az.png
JR東日本,*あずさ/かいじ,*Azusa/Kaiji,f/e183ka.png,jr_icons/02_east/azusa-kaiji__e183ka.png
JR東日本,*房総特急183,*Boso Exp,f/e183k.png,jr_icons/02_east/boso-exp__e183k.png
JR東日本,*踊り子185,*Odoriko,f/e185od.png,jr_icons/02_east/odoriko__e185od.png
JR東日本,*踊り子185,*Odoriko,f/e185od2.png,jr_icons/02_east/odoriko__e185od2.png
JR東日本,*踊り子185,*Odoriko,f/e185odj.png,jr_icons/02_east/odoriko__e185odj.png
JR東日本,*あさま189/489,*Asama,f/e489kas.png,jr_icons/02_east/asama__e489kas.png
JR東日本,*あさま189/489,*Asama,f/e189as.png,jr_icons/02_east/asama__e189as.png
JR東日本,*いなほ/日本海縦貫特急,*Inaho/*Express,f/e485ra.png,jr_icons/02_east/inaho-express__e485ra.png
JR東日本,*いなほ/日本海縦貫特急,*Inaho/*Express,f/e485ih.png,jr_icons/02_east/inaho-express__e485ih.png
JR東日本,*いなほ/日本海縦貫特急,*Inaho/*Express,f/e485mi.png,jr_icons/02_east/inaho-express__e485mi.png
JR東日本,*いなほ/日本海縦貫特急,*Inaho/*Express,f/e485mi-b2.png,jr_icons/02_east/inaho-express__e485mi-b2.png
JR東日本,*いなほ/日本海縦貫特急,*Inaho/*Express,f/e485mi-b.png,jr_icons/02_east/inaho-express__e485mi-b.png
JR東日本,*いなほ/日本海縦貫特急,*Inaho/*Express,f/e485mi2.png,jr_icons/02_east/inaho-express__e485mi2.png
JR東日本,*いなほ/日本海縦貫特急,*Inaho/*Express,f/e485ihk.png,jr_icons/02_east/inaho-express__e485ihk.png
JR東日本,*草津/水上/あかぎ,*Kusatsu/Akagi,f/e185sh.png,jr_icons/02_east/kusatsu-akagi__e185sh.png
JR東日本,*草津/水上/あかぎ,*Kusatsu/Akagi,f/e185shh.png,jr_icons/02_east/kusatsu-akagi__e185shh.png
JR東日本,*草津/水上/あかぎ,*Kusatsu/Akagi,f/e185j.png,jr_icons/02_east/kusatsu-akagi__e185j.png
JR東日本,*草津/水上/あかぎ,*Kusatsu/Akagi,f/e185ex.png,jr_icons/02_east/kusatsu-akagi__e185ex.png
JR東日本,*草津/水上/あかぎ,*Kusatsu/Akagi,f/e185ex2.png,jr_icons/02_east/kusatsu-akagi__e185ex2.png
JR東日本,*草津/水上/あかぎ,*Kusatsu/Akagi,f/e185fl.png,jr_icons/02_east/kusatsu-akagi__e185fl.png
JR東日本,*草津/水上/あかぎ,*Kusatsu/Akagi,f/e183nm.png,jr_icons/02_east/kusatsu-akagi__e183nm.png
JR東日本,*日光/あいづ,*Nikko/Aizu,f/e485nk1.png,jr_icons/02_east/nikko-aizu__e485nk1.png
JR東日本,*日光/あいづ,*Nikko/Aizu,f/e485nk.png,jr_icons/02_east/nikko-aizu__e485nk.png
JR東日本,*日光/あいづ,*Nikko/Aizu,f/e485ai.png,jr_icons/02_east/nikko-aizu__e485ai.png
JR東日本,*日光/あいづ,*Nikko/Aizu,f/e485ai2.png,jr_icons/02_east/nikko-aizu__e485ai2.png
JR東日本,カシオペア,"Cassiopeia





<
	JR北海道
｜
	JR東海
>

	
	
	1
	2
	3
	4
	5
	6
	7
	8
	大


2026/5/1 Update",f/e27dnkas.png,jr_icons/02_east/cassiopeia-jr-jr-1-2-3-4-5-6-7-8-2026-5-1-update__e27dnkas.png
JR東日本,山手線,Yamanote line,f/e235ya.png,jr_icons/02_east/yamanote-line__e235ya.png
JR東日本,京浜東北線,Keihintohoku line,f/e233kt.png,jr_icons/02_east/keihintohoku-line__e233kt.png
JR東日本,横浜線,Yokohama line,f/e233yo.png,jr_icons/02_east/yokohama-line__e233yo.png
JR東日本,京葉線,Keiyo Line,f/e233ky.png,jr_icons/02_east/keiyo-line__e233ky.png
JR東日本,京葉線,Keiyo Line,f/e233kyk.png,jr_icons/02_east/keiyo-line__e233kyk.png
JR東日本,京葉線,Keiyo Line,f/e209ky1.png,jr_icons/02_east/keiyo-line__e209ky1.png
JR東日本,埼京川越線,Saikyo line,f/e233sk.png,jr_icons/02_east/saikyo-line__e233sk.png
JR東日本,常磐線/千代田線,Joban line,f/e231jyl.png,jr_icons/02_east/joban-line__e231jyl.png
JR東日本,常磐線/千代田線,Joban line,f/e231jylk.png,jr_icons/02_east/joban-line__e231jylk.png
JR東日本,常磐線/千代田線,Joban line,f/e231jy1.png,jr_icons/02_east/joban-line__e231jy1.png
JR東日本,常磐線/千代田線,Joban line,f/e231jyk1.png,jr_icons/02_east/joban-line__e231jyk1.png
JR東日本,常磐線/千代田線,Joban line,f/e233g2l.png,jr_icons/02_east/joban-line__e233g2l.png
JR東日本,常磐線/千代田線,Joban line,f/e233g2.png,jr_icons/02_east/joban-line__e233g2.png
JR東日本,常磐/水戸線,Joban line,f/e531s.png,jr_icons/02_east/joban-line__e531s.png
JR東日本,常磐/水戸線,Joban line,f/e531ks.png,jr_icons/02_east/joban-line__e531ks.png
JR東日本,常磐/水戸線,Joban line,f/e531kr.png,jr_icons/02_east/joban-line__e531kr.png
JR東日本,常磐/水戸線,Joban line,f/e531r.png,jr_icons/02_east/joban-line__e531r.png
JR東日本,常磐/水戸線,Joban line,f/e501kgl.png,jr_icons/02_east/joban-line__e501kgl.png
JR東日本,常磐/水戸線,Joban line,f/e501gl.png,jr_icons/02_east/joban-line__e501gl.png
JR東日本,常磐/水戸線,Joban line,f/e501lk.png,jr_icons/02_east/joban-line__e501lk.png
JR東日本,常磐/水戸線,Joban line,f/e501l.png,jr_icons/02_east/joban-line__e501l.png
JR東日本,水郡線,"Suigun line
過去の車両(JR型)",f/e130.png,jr_icons/02_east/suigun-line-jr__e130.png
JR東日本,*山手線ラッピング,*Yamanote line,f/e235yab.png,jr_icons/02_east/yamanote-line__e235yab.png
JR東日本,*山手線ラッピング,*Yamanote line,f/e235ya103.png,jr_icons/02_east/yamanote-line__e235ya103.png
JR東日本,*山手線ラッピング,*Yamanote line,f/e235ya205.png,jr_icons/02_east/yamanote-line__e235ya205.png
JR東日本,埼京線40周年,Saikyo 40th,f/e233sk40.png,jr_icons/02_east/saikyo-40th__e233sk40.png
JR東日本,*山手線,*Yamanote line,f/e231ya3.png,jr_icons/02_east/yamanote-line__e231ya3.png
JR東日本,*山手線,*Yamanote line,f/e231ya4.png,jr_icons/02_east/yamanote-line__e231ya4.png
JR東日本,*山手線,*Yamanote line,f/e231-5ya.png,jr_icons/02_east/yamanote-line__e231-5ya.png
JR東日本,*山手線,*Yamanote line,f/e231-5ya2.png,jr_icons/02_east/yamanote-line__e231-5ya2.png
JR東日本,*山手線,*Yamanote line,f/e231ya100.png,jr_icons/02_east/yamanote-line__e231ya100.png
JR東日本,*京浜東北線209/901,*Keihintohoku line,f/e209_kt.png,jr_icons/02_east/keihintohoku-line__e209-kt.png
JR東日本,*京浜東北線209/901,*Keihintohoku line,f/e209_kt2.png,jr_icons/02_east/keihintohoku-line__e209-kt2.png
JR東日本,*京浜東北線209/901,*Keihintohoku line,f/e209kt0.png,jr_icons/02_east/keihintohoku-line__e209kt0.png
JR東日本,*京浜東北線209/901,*Keihintohoku line,f/e209kt2.png,jr_icons/02_east/keihintohoku-line__e209kt2.png
JR東日本,*京浜東北線209/901,*Keihintohoku line,f/e209kt3.png,jr_icons/02_east/keihintohoku-line__e209kt3.png
JR東日本,*京浜東北線209/901,*Keihintohoku line,f/e209kt.png,jr_icons/02_east/keihintohoku-line__e209kt.png
JR東日本,*京浜東北線209/901,*Keihintohoku line,f/e209kt_ad.png,jr_icons/02_east/keihintohoku-line__e209kt-ad.png
JR東日本,*京浜東北線209/901,*Keihintohoku line,f/e901.png,jr_icons/02_east/keihintohoku-line__e901.png
JR東日本,*京葉線E331/209,*Keiyo Line,f/e331ky.png,jr_icons/02_east/keiyo-line__e331ky.png
JR東日本,*京葉線E331/209,*Keiyo Line,f/e209ky.png,jr_icons/02_east/keiyo-line__e209ky.png
JR東日本,*常磐成田線,*Joban Line,f/e231jy.png,jr_icons/02_east/joban-line__e231jy.png
JR東日本,*常磐成田線,*Joban Line,f/e231jyk.png,jr_icons/02_east/joban-line__e231jyk.png
JR東日本,*常磐成田線,*Joban Line,f/e231jyk0.png,jr_icons/02_east/joban-line__e231jyk0.png
JR東日本,*常磐成田線,*Joban Line,f/e231jy0.png,jr_icons/02_east/joban-line__e231jy0.png
JR東日本,*常磐成田線,*Joban Line,f/e231jy_ad.png,jr_icons/02_east/joban-line__e231jy-ad.png
JR東日本,*常磐成田線,*Joban Line,f/e231jyskk.png,jr_icons/02_east/joban-line__e231jyskk.png
JR東日本,*常磐千代田線,*Joban line,f/e209jy1.png,jr_icons/02_east/joban-line__e209jy1.png
JR東日本,*常磐千代田線,*Joban line,f/e209jy.png,jr_icons/02_east/joban-line__e209jy.png
JR東日本,*常磐水戸線,*Joban line,f/e531.png,jr_icons/02_east/joban-line__e531.png
JR東日本,*常磐水戸線,*Joban line,f/e531k.png,jr_icons/02_east/joban-line__e531k.png
JR東日本,*常磐水戸線,*Joban line,f/e501.png,jr_icons/02_east/joban-line__e501.png
JR東日本,*常磐水戸線,*Joban line,f/e501k.png,jr_icons/02_east/joban-line__e501k.png
JR東日本,*常磐水戸線,*Joban line,f/e501g.png,jr_icons/02_east/joban-line__e501g.png
JR東日本,*常磐水戸線,*Joban line,f/e501kg.png,jr_icons/02_east/joban-line__e501kg.png
JR東日本,*常磐水戸線,*Joban line,f/e415d.png,jr_icons/02_east/joban-line__e415d.png
JR東日本,*常磐水戸線,*Joban line,f/e415d0.png,jr_icons/02_east/joban-line__e415d0.png
JR東日本,*水郡線,"*Suigun line
過去の車両(国鉄型)",f/e130or.png,jr_icons/02_east/suigun-line__e130or.png
JR東日本,*水郡線,"*Suigun line
過去の車両(国鉄型)",f/e130sg90.png,jr_icons/02_east/suigun-line__e130sg90.png
JR東日本,*山手線,*Yamanote line,f/e205ya.png,jr_icons/02_east/yamanote-line__e205ya.png
JR東日本,*山手線,*Yamanote line,f/e205yam.png,jr_icons/02_east/yamanote-line__e205yam.png
JR東日本,*山手線,*Yamanote line,f/e205yao.png,jr_icons/02_east/yamanote-line__e205yao.png
JR東日本,*山手線,*Yamanote line,f/e205yao1.png,jr_icons/02_east/yamanote-line__e205yao1.png
JR東日本,*山手線,*Yamanote line,f/e205yao2.png,jr_icons/02_east/yamanote-line__e205yao2.png
JR東日本,*山手線,*Yamanote line,f/e205yao11.png,jr_icons/02_east/yamanote-line__e205yao11.png
JR東日本,*山手線,*Yamanote line,f/e205ya11.png,jr_icons/02_east/yamanote-line__e205ya11.png
JR東日本,*山手線,*Yamanote line,f/e205ya_ad.png,jr_icons/02_east/yamanote-line__e205ya-ad.png
JR東日本,*山手線,*Yamanote line,f/e205ya_ad1.png,jr_icons/02_east/yamanote-line__e205ya-ad1.png
JR東日本,*山手線,*Yamanote line,f/e205ya_ad2.png,jr_icons/02_east/yamanote-line__e205ya-ad2.png
JR東日本,*山手線,*Yamanote line,f/e103ug.png,jr_icons/02_east/yamanote-line__e103ug.png
JR東日本,*埼京川越線,*Saikyo line,f/e205sk6.png,jr_icons/02_east/saikyo-line__e205sk6.png
JR東日本,*埼京川越線,*Saikyo line,f/e205sk.png,jr_icons/02_east/saikyo-line__e205sk.png
JR東日本,*埼京川越線,*Saikyo line,f/e205sko.png,jr_icons/02_east/saikyo-line__e205sko.png
JR東日本,*埼京川越線,*Saikyo line,f/e205sko6.png,jr_icons/02_east/saikyo-line__e205sko6.png
JR東日本,*埼京川越線,*Saikyo line,f/e205sko1.png,jr_icons/02_east/saikyo-line__e205sko1.png
JR東日本,*埼京川越線,*Saikyo line,f/e205skm.png,jr_icons/02_east/saikyo-line__e205skm.png
JR東日本,*埼京川越線,*Saikyo line,f/e205sk_ad1.png,jr_icons/02_east/saikyo-line__e205sk-ad1.png
JR東日本,*横浜線/京浜東北線,*Negishi line,f/e205yo.png,jr_icons/02_east/negishi-line__e205yo.png
JR東日本,*横浜線/京浜東北線,*Negishi line,f/e205yoo.png,jr_icons/02_east/negishi-line__e205yoo.png
JR東日本,*横浜線/京浜東北線,*Negishi line,f/e205yo8.png,jr_icons/02_east/negishi-line__e205yo8.png
JR東日本,*横浜線/京浜東北線,*Negishi line,f/e205yo2.png,jr_icons/02_east/negishi-line__e205yo2.png
JR東日本,*横浜線/京浜東北線,*Negishi line,f/e205yo_ad.png,jr_icons/02_east/negishi-line__e205yo-ad.png
JR東日本,*横浜線/京浜東北線,*Negishi line,f/e205yo_ad0.png,jr_icons/02_east/negishi-line__e205yo-ad0.png
JR東日本,*横浜線/京浜東北線,*Negishi line,f/e205yo_ad1.png,jr_icons/02_east/negishi-line__e205yo-ad1.png
JR東日本,*横浜線/京浜東北線,*Negishi line,f/e205kt.png,jr_icons/02_east/negishi-line__e205kt.png
JR東日本,*京葉線205,*Keiyo Line,f/e205kyo.png,jr_icons/02_east/keiyo-line__e205kyo.png
JR東日本,*京葉線205,*Keiyo Line,f/e205ky.png,jr_icons/02_east/keiyo-line__e205ky.png
JR東日本,*京葉線205,*Keiyo Line,f/e205ky_ad.png,jr_icons/02_east/keiyo-line__e205ky-ad.png
JR東日本,*京葉線205,*Keiyo Line,f/e205ky_ad1.png,jr_icons/02_east/keiyo-line__e205ky-ad1.png
JR東日本,*京葉線205,*Keiyo Line,f/e205ky_ad2.png,jr_icons/02_east/keiyo-line__e205ky-ad2.png
JR東日本,*京葉線205/201,*Keiyo Line,f/e205ky0.png,jr_icons/02_east/keiyo-line__e205ky0.png
JR東日本,*京葉線205/201,*Keiyo Line,f/e205ky01.png,jr_icons/02_east/keiyo-line__e205ky01.png
JR東日本,*京葉線205/201,*Keiyo Line,f/e205ky0_ad.png,jr_icons/02_east/keiyo-line__e205ky0-ad.png
JR東日本,*京葉線205/201,*Keiyo Line,f/e205ky0_ad1.png,jr_icons/02_east/keiyo-line__e205ky0-ad1.png
JR東日本,*京葉線205/201,*Keiyo Line,f/e201p3.png,jr_icons/02_east/keiyo-line__e201p3.png
JR東日本,*京葉線205/201,*Keiyo Line,f/e201bl.png,jr_icons/02_east/keiyo-line__e201bl.png
JR東日本,*京葉線205/201,*Keiyo Line,f/e201kbl.png,jr_icons/02_east/keiyo-line__e201kbl.png
JR東日本,*京葉線103,*Keiyo Line,f/e103ky1.png,jr_icons/02_east/keiyo-line__e103ky1.png
JR東日本,*京葉線103,*Keiyo Line,f/e103ky2.png,jr_icons/02_east/keiyo-line__e103ky2.png
JR東日本,*京葉線103,*Keiyo Line,f/e103ky.png,jr_icons/02_east/keiyo-line__e103ky.png
JR東日本,*京葉線103,*Keiyo Line,f/e103ky3.png,jr_icons/02_east/keiyo-line__e103ky3.png
JR東日本,*京葉線103,*Keiyo Line,f/e103bl.png,jr_icons/02_east/keiyo-line__e103bl.png
JR東日本,*京葉線103,*Keiyo Line,f/e103ky4.png,jr_icons/02_east/keiyo-line__e103ky4.png
JR東日本,*常磐成田線,*Joban Line,f/e103gr.png,jr_icons/02_east/joban-line__e103gr.png
JR東日本,*常磐成田線,*Joban Line,f/e103gr1.png,jr_icons/02_east/joban-line__e103gr1.png
JR東日本,*常磐成田線,*Joban Line,f/e103gr2.png,jr_icons/02_east/joban-line__e103gr2.png
JR東日本,*常磐成田線,*Joban Line,f/e103grl1.png,jr_icons/02_east/joban-line__e103grl1.png
JR東日本,*常磐成田線,*Joban Line,f/e103k.png,jr_icons/02_east/joban-line__e103k.png
JR東日本,*常磐成田線,*Joban Line,f/e103grk1.png,jr_icons/02_east/joban-line__e103grk1.png
JR東日本,*常磐千代田線,*Joban line,f/e207o1.png,jr_icons/02_east/joban-line__e207o1.png
JR東日本,*常磐千代田線,*Joban line,f/e207.png,jr_icons/02_east/joban-line__e207.png
JR東日本,*常磐千代田線,*Joban line,f/e203l.png,jr_icons/02_east/joban-line__e203l.png
JR東日本,*常磐千代田線,*Joban line,f/e203.png,jr_icons/02_east/joban-line__e203.png
JR東日本,*常磐千代田線,*Joban line,f/e203_ad.png,jr_icons/02_east/joban-line__e203-ad.png
JR東日本,*水郡線,*Suigun line,f/e40mtg.png,jr_icons/02_east/suigun-line__e40mtg.png
JR東日本,*水郡線,*Suigun line,f/e40mto.png,jr_icons/02_east/suigun-line__e40mto.png
JR東日本,*水郡線,*Suigun line,f/e40mtg2.png,jr_icons/02_east/suigun-line__e40mtg2.png
JR東日本,*水郡線,*Suigun line,f/e40mtgz1.png,jr_icons/02_east/suigun-line__e40mtgz1.png
JR東日本,*水郡線,*Suigun line,f/e40mto1.png,jr_icons/02_east/suigun-line__e40mto1.png
JR東日本,*水郡線,*Suigun line,f/e40mto2.png,jr_icons/02_east/suigun-line__e40mto2.png
JR東日本,*水郡線,*Suigun line,f/e45mto2.png,jr_icons/02_east/suigun-line__e45mto2.png
JR東日本,*水郡線,*Suigun line,f/e45mto.png,jr_icons/02_east/suigun-line__e45mto.png
JR東日本,*水郡線,*Suigun line,f/e45mto3.png,jr_icons/02_east/suigun-line__e45mto3.png
JR東日本,*水郡線,*Suigun line,f/e58mi.png,jr_icons/02_east/suigun-line__e58mi.png
JR東日本,*水郡線,*Suigun line,f/e28mi.png,jr_icons/02_east/suigun-line__e28mi.png
JR東日本,*常磐水戸線,*Joban line,f/e415.png,jr_icons/02_east/joban-line__e415.png
JR東日本,*常磐水戸線,*Joban line,f/e415-15.png,jr_icons/02_east/joban-line__e415-15.png
JR東日本,*おもしろ電車,"*Yamanote line




<
	JR北海道
｜
	JR東海
>

	
	
	1
	2
	3
	4
	5
	6
	7
	8
	大


2025/10/10 Update",f/e103omb.png,jr_icons/02_east/yamanote-line-jr-jr-1-2-3-4-5-6-7-8-2025-10-10-update__e103omb.png
JR東日本,*おもしろ電車,"*Yamanote line




<
	JR北海道
｜
	JR東海
>

	
	
	1
	2
	3
	4
	5
	6
	7
	8
	大


2025/10/10 Update",f/e103omg.png,jr_icons/02_east/yamanote-line-jr-jr-1-2-3-4-5-6-7-8-2025-10-10-update__e103omg.png
JR東日本,中央青梅線,Chuo line,f/e233kor.png,jr_icons/02_east/chuo-line__e233kor.png
JR東日本,中央青梅線,Chuo line,f/e233or.png,jr_icons/02_east/chuo-line__e233or.png
JR東日本,武蔵野線,Musashino line,f/e231mul.png,jr_icons/02_east/musashino-line__e231mul.png
JR東日本,武蔵野線,Musashino line,f/e231mu.png,jr_icons/02_east/musashino-line__e231mu.png
JR東日本,武蔵野線,Musashino line,f/e231muk.png,jr_icons/02_east/musashino-line__e231muk.png
JR東日本,武蔵野線,Musashino line,f/e231mu1.png,jr_icons/02_east/musashino-line__e231mu1.png
JR東日本,武蔵野線,Musashino line,f/e209mu.png,jr_icons/02_east/musashino-line__e209mu.png
JR東日本,総武中央線,Chuo-Sobu line,f/e235so.png,jr_icons/02_east/chuo-sobu-line__e235so.png
JR東日本,総武中央線,Chuo-Sobu line,f/e231so5l.png,jr_icons/02_east/chuo-sobu-line__e231so5l.png
JR東日本,総武中央線,Chuo-Sobu line,f/e231so5.png,jr_icons/02_east/chuo-sobu-line__e231so5.png
JR東日本,総武中央線,Chuo-Sobu line,f/e231so3.png,jr_icons/02_east/chuo-sobu-line__e231so3.png
JR東日本,総武中央線,Chuo-Sobu line,f/e231-8b1.png,jr_icons/02_east/chuo-sobu-line__e231-8b1.png
JR東日本,総武中央線,Chuo-Sobu line,f/e231-8bl.png,jr_icons/02_east/chuo-sobu-line__e231-8bl.png
JR東日本,南武線/南武支線,Nanbu line,f/e233na.png,jr_icons/02_east/nanbu-line__e233na.png
JR東日本,南武線/南武支線,Nanbu line,f/e233na1.png,jr_icons/02_east/nanbu-line__e233na1.png
JR東日本,南武線/南武支線,Nanbu line,f/e127nas.png,jr_icons/02_east/nanbu-line__e127nas.png
JR東日本,南武線/南武支線,Nanbu line,f/e127nasl.png,jr_icons/02_east/nanbu-line__e127nasl.png
JR東日本,南武線/南武支線,Nanbu line,f/e205_nas.png,jr_icons/02_east/nanbu-line__e205-nas.png
JR東日本,総武横須賀線,Yokosuka line,f/e235sk.png,jr_icons/02_east/yokosuka-line__e235sk.png
JR東日本,総武横須賀線,Yokosuka line,f/e235skk.png,jr_icons/02_east/yokosuka-line__e235skk.png
JR東日本,房総地区,Boso area,f/e131bo.png,jr_icons/02_east/boso-area__e131bo.png
JR東日本,房総地区,Boso area,f/e233bo.png,jr_icons/02_east/boso-area__e233bo.png
JR東日本,房総地区,Boso area,f/e233bok.png,jr_icons/02_east/boso-area__e233bok.png
JR東日本,房総地区,Boso area,f/e233bo1.png,jr_icons/02_east/boso-area__e233bo1.png
JR東日本,房総地区,Boso area,f/e209c.png,jr_icons/02_east/boso-area__e209c.png
JR東日本,久留里線,Kururi line,f/e130kr.png,jr_icons/02_east/kururi-line__e130kr.png
JR東日本,相模線,Sagami line,f/e131sg.png,jr_icons/02_east/sagami-line__e131sg.png
JR東日本,鶴見線,Tsurumi line,f/e131tr.png,jr_icons/02_east/tsurumi-line__e131tr.png
JR東日本,燃料電池車HYBARI,Fuel cell test car,f/ee991.png,jr_icons/02_east/fuel-cell-test-car__ee991.png
JR東日本,B.B.BASE,Boso Bicicle Base,f/e209bbb.png,jr_icons/02_east/boso-bicicle-base__e209bbb.png
JR東日本,"川越線,八高線",Kawagoe line,f/e231ha.png,jr_icons/02_east/kawagoe-line__e231ha.png
JR東日本,"川越線,八高線",Kawagoe line,f/e231hk1.png,jr_icons/02_east/kawagoe-line__e231hk1.png
JR東日本,"川越線,八高線",Kawagoe line,f/e209hk35.png,jr_icons/02_east/kawagoe-line__e209hk35.png
JR東日本,"川越線,八高線",Kawagoe line,f/e209hk35l.png,jr_icons/02_east/kawagoe-line__e209hk35l.png
JR東日本,"川越線,八高線",Kawagoe line,f/ee220gms.png,jr_icons/02_east/kawagoe-line__ee220gms.png
JR東日本,訓練車,"Working Car
過去の車両(JR型)",f/e209jg3.png,jr_icons/02_east/working-car-jr__e209jg3.png
JR東日本,訓練車,"Working Car
過去の車両(JR型)",f/e209jg2.png,jr_icons/02_east/working-car-jr__e209jg2.png
JR東日本,*中央快速10両,"*Chuo, Ome line",f/e233or10.png,jr_icons/02_east/chuo-ome-line__e233or10.png
JR東日本,*中央快速10両,"*Chuo, Ome line",f/e233or10a.png,jr_icons/02_east/chuo-ome-line__e233or10a.png
JR東日本,*中央快速10両,"*Chuo, Ome line",f/e209or1.png,jr_icons/02_east/chuo-ome-line__e209or1.png
JR東日本,*AC-train,*Test Car,f/e993.png,jr_icons/02_east/test-car__e993.png
JR東日本,*AC-train,*Test Car,f/e993h.png,jr_icons/02_east/test-car__e993h.png
JR東日本,*総武中央線209/E231,*Sobu line,f/e231so2.png,jr_icons/02_east/sobu-line__e231so2.png
JR東日本,*総武中央線209/E231,*Sobu line,f/e231so1.png,jr_icons/02_east/sobu-line__e231so1.png
JR東日本,*総武中央線209/E231,*Sobu line,f/e231so.png,jr_icons/02_east/sobu-line__e231so.png
JR東日本,*総武中央線209/E231,*Sobu line,f/e209so.png,jr_icons/02_east/sobu-line__e209so.png
JR東日本,*総武中央線209/E231,*Sobu line,f/e209so1.png,jr_icons/02_east/sobu-line__e209so1.png
JR東日本,*総武中央線209/E231,*Sobu line,f/e231-8b.png,jr_icons/02_east/sobu-line__e231-8b.png
JR東日本,*総武横須賀線,*Yokosuka line,f/e217_2.png,jr_icons/02_east/yokosuka-line__e217-2.png
JR東日本,*総武横須賀線,*Yokosuka line,f/e217k2.png,jr_icons/02_east/yokosuka-line__e217k2.png
JR東日本,*総武横須賀線,*Yokosuka line,f/e217k1.png,jr_icons/02_east/yokosuka-line__e217k1.png
JR東日本,*総武横須賀線,*Yokosuka line,f/e217.png,jr_icons/02_east/yokosuka-line__e217.png
JR東日本,*総武横須賀線,*Yokosuka line,f/e217k.png,jr_icons/02_east/yokosuka-line__e217k.png
JR東日本,*総武横須賀線,*Yokosuka line,f/e217_1.png,jr_icons/02_east/yokosuka-line__e217-1.png
JR東日本,*総武横須賀線,*Yokosuka line,f/e217nk.png,jr_icons/02_east/yokosuka-line__e217nk.png
JR東日本,*総武横須賀線,*Yokosuka line,f/e217n.png,jr_icons/02_east/yokosuka-line__e217n.png
JR東日本,*総武横須賀線,*Yokosuka line,f/e217n1.png,jr_icons/02_east/yokosuka-line__e217n1.png
JR東日本,*総武横須賀線,*Yokosuka line,f/e217nk1.png,jr_icons/02_east/yokosuka-line__e217nk1.png
JR東日本,*南武線209,*Nanbu line,f/e209na3.png,jr_icons/02_east/nanbu-line__e209na3.png
JR東日本,*南武線209,*Nanbu line,f/e209na.png,jr_icons/02_east/nanbu-line__e209na.png
JR東日本,*南武線209,*Nanbu line,f/e209na2.png,jr_icons/02_east/nanbu-line__e209na2.png
JR東日本,*鶴見線,*Tsurumi line,f/e205_tr.png,jr_icons/02_east/tsurumi-line__e205-tr.png
JR東日本,"*川越線,八高線","*Kawagoe line
過去の車両(国鉄型)",f/e209hk.png,jr_icons/02_east/kawagoe-line__e209hk.png
JR東日本,"*川越線,八高線","*Kawagoe line
過去の車両(国鉄型)",f/e209-31hk.png,jr_icons/02_east/kawagoe-line__e209-31hk.png
JR東日本,"*川越線,八高線","*Kawagoe line
過去の車両(国鉄型)",f/e110hc80.png,jr_icons/02_east/kawagoe-line__e110hc80.png
JR東日本,*中央青梅線,*Chuo line,f/e201.png,jr_icons/02_east/chuo-line__e201.png
JR東日本,*中央青梅線,*Chuo line,f/e201k.png,jr_icons/02_east/chuo-line__e201k.png
JR東日本,*中央青梅線,*Chuo line,f/e201sr.png,jr_icons/02_east/chuo-line__e201sr.png
JR東日本,*中央青梅線,*Chuo line,f/j201or_sr.png,jr_icons/02_east/chuo-line__j201or-sr.png
JR東日本,*中央青梅線,*Chuo line,f/e201k1.png,jr_icons/02_east/chuo-line__e201k1.png
JR東日本,*中央青梅線,*Chuo line,f/e201or1.png,jr_icons/02_east/chuo-line__e201or1.png
JR東日本,*中央青梅線,*Chuo line,f/e201ome.png,jr_icons/02_east/chuo-line__e201ome.png
JR東日本,*中央青梅線,*Chuo line,f/e201p1.png,jr_icons/02_east/chuo-line__e201p1.png
JR東日本,*中央青梅線,*Chuo line,f/e103or.png,jr_icons/02_east/chuo-line__e103or.png
JR東日本,*中央青梅線201/AD,"*Chuo,Ome line",f/e201or2.png,jr_icons/02_east/chuo-ome-line__e201or2.png
JR東日本,*中央青梅線201/AD,"*Chuo,Ome line",f/e201ork1.png,jr_icons/02_east/chuo-ome-line__e201ork1.png
JR東日本,*中央青梅線201/AD,"*Chuo,Ome line",f/e201_ad.png,jr_icons/02_east/chuo-ome-line__e201-ad.png
JR東日本,*中央青梅線201/AD,"*Chuo,Ome line",f/e201_ad1.png,jr_icons/02_east/chuo-ome-line__e201-ad1.png
JR東日本,*武蔵野線,*Musashino line,f/e205mu2.png,jr_icons/02_east/musashino-line__e205mu2.png
JR東日本,*武蔵野線,*Musashino line,f/e205mu8.png,jr_icons/02_east/musashino-line__e205mu8.png
JR東日本,*武蔵野線,*Musashino line,f/e205muo.png,jr_icons/02_east/musashino-line__e205muo.png
JR東日本,*武蔵野線,*Musashino line,f/e205mu0.png,jr_icons/02_east/musashino-line__e205mu0.png
JR東日本,*武蔵野線,*Musashino line,f/e205mu1.png,jr_icons/02_east/musashino-line__e205mu1.png
JR東日本,*武蔵野線,*Musashino line,f/e205mu3.png,jr_icons/02_east/musashino-line__e205mu3.png
JR東日本,*武蔵野線,*Musashino line,f/e103mu8c.png,jr_icons/02_east/musashino-line__e103mu8c.png
JR東日本,*武蔵野線,*Musashino line,f/e103mu8a.png,jr_icons/02_east/musashino-line__e103mu8a.png
JR東日本,*武蔵野線,*Musashino line,f/e103mu8b.png,jr_icons/02_east/musashino-line__e103mu8b.png
JR東日本,*武蔵野線,*Musashino line,f/e103mu.png,jr_icons/02_east/musashino-line__e103mu.png
JR東日本,*総武中央線201/103,*Sobu line,f/e205so.png,jr_icons/02_east/sobu-line__e205so.png
JR東日本,*総武中央線201/103,*Sobu line,f/e205soo.png,jr_icons/02_east/sobu-line__e205soo.png
JR東日本,*総武中央線201/103,*Sobu line,f/e201p2.png,jr_icons/02_east/sobu-line__e201p2.png
JR東日本,*総武中央線201/103,*Sobu line,f/e201ye0.png,jr_icons/02_east/sobu-line__e201ye0.png
JR東日本,*総武中央線201/103,*Sobu line,f/e201ye.png,jr_icons/02_east/sobu-line__e201ye.png
JR東日本,*総武中央線201/103,*Sobu line,f/e201kye.png,jr_icons/02_east/sobu-line__e201kye.png
JR東日本,*総武中央線201/103,*Sobu line,f/e103yel.png,jr_icons/02_east/sobu-line__e103yel.png
JR東日本,*南武線205/103,*Nanbu line,f/e205na2.png,jr_icons/02_east/nanbu-line__e205na2.png
JR東日本,*南武線205/103,*Nanbu line,f/e205na3.png,jr_icons/02_east/nanbu-line__e205na3.png
JR東日本,*南武線205/103,*Nanbu line,f/e205_na.png,jr_icons/02_east/nanbu-line__e205-na.png
JR東日本,*南武線205/103,*Nanbu line,f/e205na1.png,jr_icons/02_east/nanbu-line__e205na1.png
JR東日本,*南武線205/103,*Nanbu line,f/e205na.png,jr_icons/02_east/nanbu-line__e205na.png
JR東日本,*南武線205/103,*Nanbu line,f/e205nao.png,jr_icons/02_east/nanbu-line__e205nao.png
JR東日本,*南武線205/103,*Nanbu line,f/e103ye.png,jr_icons/02_east/nanbu-line__e103ye.png
JR東日本,*東西線直通,*Sobu&Chuo Line,f/e301bl.png,jr_icons/02_east/sobu-chuo-line__e301bl.png
JR東日本,*東西線直通,*Sobu&Chuo Line,f/e301bl1.png,jr_icons/02_east/sobu-chuo-line__e301bl1.png
JR東日本,*東西線直通,*Sobu&Chuo Line,f/e103kbl1.png,jr_icons/02_east/sobu-chuo-line__e103kbl1.png
JR東日本,*東西線直通,*Sobu&Chuo Line,f/e103kbl.png,jr_icons/02_east/sobu-chuo-line__e103kbl.png
JR東日本,*房総地区/*Nなのはな,Boso area,f/e211crp.png,jr_icons/02_east/boso-area__e211crp.png
JR東日本,*房総地区/*Nなのはな,Boso area,f/e211cr.png,jr_icons/02_east/boso-area__e211cr.png
JR東日本,*房総地区/*Nなのはな,Boso area,f/e211cy.png,jr_icons/02_east/boso-area__e211cy.png
JR東日本,*房総地区/*Nなのはな,Boso area,f/e211cg.png,jr_icons/02_east/boso-area__e211cg.png
JR東日本,*房総地区/*Nなのはな,Boso area,f/e211cb.png,jr_icons/02_east/boso-area__e211cb.png
JR東日本,*房総地区/*Nなのはな,Boso area,f/e113su16.png,jr_icons/02_east/boso-area__e113su16.png
JR東日本,*房総地区/*Nなのはな,Boso area,f/e113_su.png,jr_icons/02_east/boso-area__e113-su.png
JR東日本,*房総地区/*Nなのはな,Boso area,f/e485jnano.png,jr_icons/02_east/boso-area__e485jnano.png
JR東日本,*久留里線,*Kururii Line,f/e30kr1.png,jr_icons/02_east/kururii-line__e30kr1.png
JR東日本,*久留里線,*Kururii Line,f/e37kr1.png,jr_icons/02_east/kururii-line__e37kr1.png
JR東日本,*久留里線,*Kururii Line,f/e38kr1.png,jr_icons/02_east/kururii-line__e38kr1.png
JR東日本,*久留里線,*Kururii Line,f/e35kr2.png,jr_icons/02_east/kururii-line__e35kr2.png
JR東日本,*久留里線,*Kururii Line,f/e37kr2.png,jr_icons/02_east/kururii-line__e37kr2.png
JR東日本,*久留里線,*Kururii Line,f/e38kr2.png,jr_icons/02_east/kururii-line__e38kr2.png
JR東日本,*久留里線,*Kururii Line,f/e30kr2.png,jr_icons/02_east/kururii-line__e30kr2.png
JR東日本,*南武支線,*Nanbu line,f/e101na.png,jr_icons/02_east/nanbu-line__e101na.png
JR東日本,*南武支線,*Nanbu line,f/e101na0.png,jr_icons/02_east/nanbu-line__e101na0.png
JR東日本,*相模線/八高線,*Sagami line,f/e205sg.png,jr_icons/02_east/sagami-line__e205sg.png
JR東日本,*相模線/八高線,*Sagami line,f/j35st4.png,jr_icons/02_east/sagami-line__j35st4.png
JR東日本,*相模線/八高線,*Sagami line,f/e30sg.png,jr_icons/02_east/sagami-line__e30sg.png
JR東日本,*相模線/八高線,*Sagami line,f/e30sg1.png,jr_icons/02_east/sagami-line__e30sg1.png
JR東日本,*相模線/八高線,*Sagami line,f/e30sg2.png,jr_icons/02_east/sagami-line__e30sg2.png
JR東日本,"*川越線,八高線",*Kawagoe line,f/e205_hk.png,jr_icons/02_east/kawagoe-line__e205-hk.png
JR東日本,レール輸送チキ,"Rail maintenance





<
	JR北海道
｜
	JR東海
>

	
	
	1
	2
	3
	4
	5
	6
	7
	8
	大


2026/9/4 Update",f/f5540ck.png,jr_icons/02_east/rail-maintenance-jr-jr-1-2-3-4-5-6-7-8-2026-9-4-update__f5540ck.png
JR東日本,レール輸送チキ,"Rail maintenance





<
	JR北海道
｜
	JR東海
>

	
	
	1
	2
	3
	4
	5
	6
	7
	8
	大


2026/9/4 Update",f/f5500ck.png,jr_icons/02_east/rail-maintenance-jr-jr-1-2-3-4-5-6-7-8-2026-9-4-update__f5500ck.png
JR東日本,レール輸送チキ,"Rail maintenance





<
	JR北海道
｜
	JR東海
>

	
	
	1
	2
	3
	4
	5
	6
	7
	8
	大


2026/9/4 Update",f/f5200ck.png,jr_icons/02_east/rail-maintenance-jr-jr-1-2-3-4-5-6-7-8-2026-9-4-update__f5200ck.png
JR東日本,首都圏エリア,Tokyo area,f/e233shk.png,jr_icons/02_east/tokyo-area__e233shk.png
JR東日本,首都圏エリア,Tokyo area,f/e233sh.png,jr_icons/02_east/tokyo-area__e233sh.png
JR東日本,首都圏エリア,Tokyo area,f/e231td.png,jr_icons/02_east/tokyo-area__e231td.png
JR東日本,首都圏エリア,Tokyo area,f/e231tdk.png,jr_icons/02_east/tokyo-area__e231tdk.png
JR東日本,首都圏エリア,Tokyo area,f/e231ta1.png,jr_icons/02_east/tokyo-area__e231ta1.png
JR東日本,首都圏エリア,Tokyo area,f/e231tak1.png,jr_icons/02_east/tokyo-area__e231tak1.png
JR東日本,日光線/東北線,Nikko Line,f/e131nk.png,jr_icons/02_east/nikko-line__e131nk.png
JR東日本,日光線/東北線,Nikko Line,f/e131nkp.png,jr_icons/02_east/nikko-line__e131nkp.png
JR東日本,*ビューやまなし,*Chuo line,f/e215.png,jr_icons/02_east/chuo-line__e215.png
JR東日本,*ビューやまなし,*Chuo line,f/e215o.png,jr_icons/02_east/chuo-line__e215o.png
JR東日本,*高崎地区,*Takasaki Area,f/e211s.png,jr_icons/02_east/takasaki-area__e211s.png
JR東日本,*高崎地区,*Takasaki Area,f/e211o1s.png,jr_icons/02_east/takasaki-area__e211o1s.png
JR東日本,*高崎地区,*Takasaki Area,f/e211sp.png,jr_icons/02_east/takasaki-area__e211sp.png
JR東日本,高崎地区,Takasaki Area,f/e211ry.png,jr_icons/02_east/takasaki-area__e211ry.png
JR東日本,高崎地区,Takasaki Area,f/e211s1.png,jr_icons/02_east/takasaki-area__e211s1.png
JR東日本,高崎地区,Takasaki Area,f/e211n.png,jr_icons/02_east/takasaki-area__e211n.png
JR東日本,SLみなかみ,SL D51/DL DD51,f/d51oktn.png,jr_icons/02_east/sl-d51-dl-dd51__d51oktn.png
JR東日本,SLみなかみ,SL D51/DL DD51,f/d51oktn1.png,jr_icons/02_east/sl-d51-dl-dd51__d51oktn1.png
JR東日本,SLみなかみ,SL D51/DL DD51,f/de10-1705.png,jr_icons/02_east/sl-d51-dl-dd51__de10-1705.png
JR東日本,烏山線,Karasuyama line,f/ee301ka.png,jr_icons/02_east/karasuyama-line__ee301ka.png
JR東日本,烏山線,Karasuyama line,f/ee301kap.png,jr_icons/02_east/karasuyama-line__ee301kap.png
JR東日本,Mue train,Test Car,f/e209mue.png,jr_icons/02_east/test-car__e209mue.png
JR東日本,East i-D/E,Inspection Car,f/e193id.png,jr_icons/02_east/inspection-car__e193id.png
JR東日本,East i-D/E,Inspection Car,f/e491.png,jr_icons/02_east/inspection-car__e491.png
JR東日本,East i-D/E,Inspection Car,f/e491a.png,jr_icons/02_east/inspection-car__e491a.png
JR東日本,East i-D/E,Inspection Car,f/e491b.png,jr_icons/02_east/inspection-car__e491b.png
JR東日本,East i-D/E,Inspection Car,f/e50jg5.png,jr_icons/02_east/inspection-car__e50jg5.png
JR東日本,レール輸送キヤ,DMU E195,f/e195lp.png,jr_icons/02_east/dmu-e195__e195lp.png
JR東日本,レール輸送キヤ,DMU E195,f/e195l.png,jr_icons/02_east/dmu-e195__e195l.png
JR東日本,レール輸送キヤ,DMU E195,f/e195p.png,jr_icons/02_east/dmu-e195__e195p.png
JR東日本,レール輸送キヤ,DMU E195,f/e195.png,jr_icons/02_east/dmu-e195__e195.png
JR東日本,砕石/牽引車E197/493,"Working car
過去車両(JR型)",f/e197.png,jr_icons/02_east/working-car-jr__e197.png
JR東日本,砕石/牽引車E197/493,"Working car
過去車両(JR型)",f/e493.png,jr_icons/02_east/working-car-jr__e493.png
JR東日本,訓練車/センター,Test Car,f/e209jg.png,jr_icons/02_east/test-car__e209jg.png
JR東日本,訓練車/センター,Test Car,f/e209sta.png,jr_icons/02_east/test-car__e209sta.png
JR東日本,スマート電池,ne@train,f/e993ner.png,jr_icons/02_east/ne-train__e993ner.png
JR東日本,スマート電池,ne@train,f/e993neg.png,jr_icons/02_east/ne-train__e993neg.png
JR東日本,スマート電池,ne@train,f/e995neg.png,jr_icons/02_east/ne-train__e995neg.png
JR東日本,*首都圏エリア,*Tokyo area,f/e231td1.png,jr_icons/02_east/tokyo-area__e231td1.png
JR東日本,*首都圏エリア,*Tokyo area,f/e231tdk1.png,jr_icons/02_east/tokyo-area__e231tdk1.png
JR東日本,*首都圏エリア,*Tokyo area,f/e231tak.png,jr_icons/02_east/tokyo-area__e231tak.png
JR東日本,*首都圏エリア,*Tokyo area,f/e231ta.png,jr_icons/02_east/tokyo-area__e231ta.png
JR東日本,*東海道線,"*Tokaido line
過去車両(国鉄型)",f/e217td1.png,jr_icons/02_east/tokaido-line__e217td1.png
JR東日本,*東海道線,"*Tokaido line
過去車両(国鉄型)",f/e217ktd1.png,jr_icons/02_east/tokaido-line__e217ktd1.png
JR東日本,*東海道線,"*Tokaido line
過去車両(国鉄型)",f/e217ktd2.png,jr_icons/02_east/tokaido-line__e217ktd2.png
JR東日本,*東海道線,"*Tokaido line
過去車両(国鉄型)",f/e217td.png,jr_icons/02_east/tokaido-line__e217td.png
JR東日本,*東海道線,"*Tokaido line
過去車両(国鉄型)",f/e217ktd.png,jr_icons/02_east/tokaido-line__e217ktd.png
JR東日本,*東海道線,"*Tokaido line
過去車両(国鉄型)",f/e217ktd3.png,jr_icons/02_east/tokaido-line__e217ktd3.png
JR東日本,*烏山線,*Karasuyama line,f/e40ka.png,jr_icons/02_east/karasuyama-line__e40ka.png
JR東日本,*烏山線,*Karasuyama line,f/e40ka1.png,jr_icons/02_east/karasuyama-line__e40ka1.png
JR東日本,*烏山線,*Karasuyama line,f/e40ka2.png,jr_icons/02_east/karasuyama-line__e40ka2.png
JR東日本,高崎地区,Takasaki Area,f/e107ta1.png,jr_icons/02_east/takasaki-area__e107ta1.png
JR東日本,高崎地区,Takasaki Area,f/e107ta.png,jr_icons/02_east/takasaki-area__e107ta.png
JR東日本,*首都圏エリア,*Tokyo area,f/e211o1.png,jr_icons/02_east/tokyo-area__e211o1.png
JR東日本,*首都圏エリア,*Tokyo area,f/e211.png,jr_icons/02_east/tokyo-area__e211.png
JR東日本,*首都圏エリア,*Tokyo area,f/e211o.png,jr_icons/02_east/tokyo-area__e211o.png
JR東日本,*首都圏エリア,*Tokyo area,f/e211o1p.png,jr_icons/02_east/tokyo-area__e211o1p.png
JR東日本,*首都圏エリア,*Tokyo area,f/e211p.png,jr_icons/02_east/tokyo-area__e211p.png
JR東日本,*首都圏エリア,*Tokyo area,f/e115_sh.png,jr_icons/02_east/tokyo-area__e115-sh.png
JR東日本,*首都圏エリア,*Tokyo area,f/e115sh0.png,jr_icons/02_east/tokyo-area__e115sh0.png
JR東日本,*首都圏エリア,*Tokyo area,f/e115sh1.png,jr_icons/02_east/tokyo-area__e115sh1.png
JR東日本,*首都圏エリア,*Tokyo area,f/e113sh1.png,jr_icons/02_east/tokyo-area__e113sh1.png
JR東日本,*首都圏エリア,*Tokyo area,f/e113sh0.png,jr_icons/02_east/tokyo-area__e113sh0.png
JR東日本,*首都圏エリア,*Tokyo area,f/e113sh15.png,jr_icons/02_east/tokyo-area__e113sh15.png
JR東日本,*日光東北線/いろは,*Nikko Line,f/e107nipr.png,jr_icons/02_east/nikko-line__e107nipr.png
JR東日本,*日光東北線/いろは,*Nikko Line,f/e107ni1r.png,jr_icons/02_east/nikko-line__e107ni1r.png
JR東日本,*日光東北線/いろは,*Nikko Line,f/e107ni1h.png,jr_icons/02_east/nikko-line__e107ni1h.png
JR東日本,*日光東北線/いろは,*Nikko Line,f/e107niph.png,jr_icons/02_east/nikko-line__e107niph.png
JR東日本,*日光東北線/いろは,*Nikko Line,f/e107ni1.png,jr_icons/02_east/nikko-line__e107ni1.png
JR東日本,*日光東北線/いろは,*Nikko Line,f/e107nip.png,jr_icons/02_east/nikko-line__e107nip.png
JR東日本,*日光東北線/いろは,*Nikko Line,f/e107ni.png,jr_icons/02_east/nikko-line__e107ni.png
JR東日本,*日光東北線/いろは,*Nikko Line,f/e205sh1.png,jr_icons/02_east/nikko-line__e205sh1.png
JR東日本,*日光東北線/いろは,*Nikko Line,f/e205sh.png,jr_icons/02_east/nikko-line__e205sh.png
JR東日本,*日光東北線/いろは,*Nikko Line,f/e205nk.png,jr_icons/02_east/nikko-line__e205nk.png
JR東日本,*日光東北線/いろは,*Nikko Line,f/e205irh.png,jr_icons/02_east/nikko-line__e205irh.png
JR東日本,*東京地区,*Tokyo Area,f/e165_sh.png,jr_icons/02_east/tokyo-area__e165-sh.png
JR東日本,*東京地区,*Tokyo Area,f/e167_ksh.png,jr_icons/02_east/tokyo-area__e167-ksh.png
JR東日本,*東京地区,*Tokyo Area,f/e167ksh.png,jr_icons/02_east/tokyo-area__e167ksh.png
JR東日本,*東京地区,*Tokyo Area,f/e167tmd.png,jr_icons/02_east/tokyo-area__e167tmd.png
JR東日本,*東京地区,*Tokyo Area,f/e167ktm.png,jr_icons/02_east/tokyo-area__e167ktm.png
JR東日本,*東京地区,*Tokyo Area,f/e167tm.png,jr_icons/02_east/tokyo-area__e167tm.png
JR東日本,*東京地区,*Tokyo Area,f/e167_tm.png,jr_icons/02_east/tokyo-area__e167-tm.png
JR東日本,*東京地区,*Tokyo Area,f/e167tmd2.png,jr_icons/02_east/tokyo-area__e167tmd2.png
JR東日本,,"*高崎,八王子地区",f/e165sm.png,jr_icons/02_east/untitled__e165sm.png
JR東日本,,"*高崎,八王子地区",f/e165smd.png,jr_icons/02_east/untitled__e165smd.png
JR東日本,,"*高崎,八王子地区",f/e165_sm.png,jr_icons/02_east/untitled__e165-sm.png
JR東日本,,"*高崎,八王子地区",f/e165mi.png,jr_icons/02_east/untitled__e165mi.png
JR東日本,,"*高崎,八王子地区",f/e165mid.png,jr_icons/02_east/untitled__e165mid.png
JR東日本,,"*やすらぎ,レインボー",f/e12jysrg.png,jr_icons/02_east/untitled__e12jysrg.png
JR東日本,,"*やすらぎ,レインボー",f/e12jysrg1.png,jr_icons/02_east/untitled__e12jysrg1.png
JR東日本,,"*やすらぎ,レインボー",f/ef60jysrg.png,jr_icons/02_east/untitled__ef60jysrg.png
JR東日本,,"*やすらぎ,レインボー",f/e14jser.png,jr_icons/02_east/untitled__e14jser.png
JR東日本,,"*やすらぎ,レインボー",f/ef81jser.png,jr_icons/02_east/untitled__ef81jser.png
JR東日本,,"*やすらぎ,レインボー",f/ef65jser.png,jr_icons/02_east/untitled__ef65jser.png
JR東日本,,"*やすらぎ,レインボー",f/ef81jser2.png,jr_icons/02_east/untitled__ef81jser2.png
JR東日本,"*ドルフィン,彩野","*Dolphin, Ayano",f/e485mt.png,jr_icons/02_east/dolphin-ayano__e485mt.png
JR東日本,"*ドルフィン,彩野","*Dolphin, Ayano",f/e485mt0.png,jr_icons/02_east/dolphin-ayano__e485mt0.png
JR東日本,"*ドルフィン,彩野","*Dolphin, Ayano",f/e189jayn.png,jr_icons/02_east/dolphin-ayano__e189jayn.png
JR東日本,"*ドルフィン,彩野","*Dolphin, Ayano",f/e189jayn2.png,jr_icons/02_east/dolphin-ayano__e189jayn2.png
JR東日本,*やまどり/華,*Yamadori/Hana,f/e485jta.png,jr_icons/02_east/yamadori-hana__e485jta.png
JR東日本,*やまどり/華,*Yamadori/Hana,f/e485jhana.png,jr_icons/02_east/yamadori-hana__e485jhana.png
JR東日本,"*宴,せせらぎ,やまなみ",*Tatami car,f/e485jutge.png,jr_icons/02_east/tatami-car__e485jutge.png
JR東日本,"*宴,せせらぎ,やまなみ",*Tatami car,f/e485jsese.png,jr_icons/02_east/tatami-car__e485jsese.png
JR東日本,"*宴,せせらぎ,やまなみ",*Tatami car,f/e485jyama.png,jr_icons/02_east/tatami-car__e485jyama.png
JR東日本,*江戸/ゆとり,"*Edo/Yutori




<
	JR北海道
｜
	JR東海
>

	
	
	1
	2
	3
	4
	5
	6
	7
	8
	大


2024/5/10 Update",f/e12jedo.png,jr_icons/02_east/edo-yutori-jr-jr-1-2-3-4-5-6-7-8-2024-5-10-update__e12jedo.png
JR東日本,*江戸/ゆとり,"*Edo/Yutori




<
	JR北海道
｜
	JR東海
>

	
	
	1
	2
	3
	4
	5
	6
	7
	8
	大


2024/5/10 Update",f/e14jyutr.png,jr_icons/02_east/edo-yutori-jr-jr-1-2-3-4-5-6-7-8-2024-5-10-update__e14jyutr.png
JR東日本,*江戸/ゆとり,"*Edo/Yutori




<
	JR北海道
｜
	JR東海
>

	
	
	1
	2
	3
	4
	5
	6
	7
	8
	大


2024/5/10 Update",f/e14jyutr1.png,jr_icons/02_east/edo-yutori-jr-jr-1-2-3-4-5-6-7-8-2024-5-10-update__e14jyutr1.png
JR東日本,★長野地区E131,Nagano area,f/e131na.png,jr_icons/02_east/nagano-area__e131na.png
JR東日本,長野甲府地区/*,Nagano Area,f/e127mt.png,jr_icons/02_east/nagano-area__e127mt.png
JR東日本,長野甲府地区/*,Nagano Area,f/e127mtp.png,jr_icons/02_east/nagano-area__e127mtp.png
JR東日本,長野甲府地区/*,Nagano Area,f/e211na.png,jr_icons/02_east/nagano-area__e211na.png
JR東日本,長野甲府地区/*,Nagano Area,f/e211na1.png,jr_icons/02_east/nagano-area__e211na1.png
JR東日本,長野甲府地区/*,Nagano Area,f/e211na2.png,jr_icons/02_east/nagano-area__e211na2.png
JR東日本,長野甲府地区/*,Nagano Area,f/e211na1n.png,jr_icons/02_east/nagano-area__e211na1n.png
JR東日本,長野甲府地区/*,Nagano Area,f/e211na2n.png,jr_icons/02_east/nagano-area__e211na2n.png
JR東日本,長野甲府地区/*,Nagano Area,f/e211na6.png,jr_icons/02_east/nagano-area__e211na6.png
JR東日本,甲信越地区,Nagano area,f/e211su.png,jr_icons/02_east/nagano-area__e211su.png
JR東日本,甲信越地区,Nagano area,f/e110ak0.png,jr_icons/02_east/nagano-area__e110ak0.png
JR東日本,長野訓練車,,f/e209jg4.png,jr_icons/02_east/untitled__e209jg4.png
JR東日本,新潟地区,Niigata Area,f/ee400ni.png,jr_icons/02_east/niigata-area__ee400ni.png
JR東日本,新潟地区,Niigata Area,f/e129ni.png,jr_icons/02_east/niigata-area__e129ni.png
JR東日本,新潟地区,Niigata Area,f/e129nip.png,jr_icons/02_east/niigata-area__e129nip.png
JR東日本,海里/RVふるさと,Kairi/Furusato,f/e300kri.png,jr_icons/02_east/kairi-furusato__e300kri.png
JR東日本,海里/RVふるさと,Kairi/Furusato,f/e300frst.png,jr_icons/02_east/kairi-furusato__e300frst.png
JR東日本,ばんえつ物語/シュクラ,Banetsu /Shukura,f/c57ba.png,jr_icons/02_east/banetsu-shukura__c57ba.png
JR東日本,ばんえつ物語/シュクラ,Banetsu /Shukura,f/e12bap.png,jr_icons/02_east/banetsu-shukura__e12bap.png
JR東日本,ばんえつ物語/シュクラ,Banetsu /Shukura,f/e12bap2.png,jr_icons/02_east/banetsu-shukura__e12bap2.png
JR東日本,ばんえつ物語/シュクラ,Banetsu /Shukura,f/e40jksn.png,jr_icons/02_east/banetsu-shukura__e40jksn.png
JR東日本,小海線/飯山線,Koumi line,f/ee200p.png,jr_icons/02_east/koumi-line__ee200p.png
JR東日本,小海線/飯山線,Koumi line,f/e110.png,jr_icons/02_east/koumi-line__e110.png
JR東日本,小海線/飯山線,Koumi line,f/e110_1.png,jr_icons/02_east/koumi-line__e110-1.png
JR東日本,小海線/飯山線,Koumi line,f/e110_3.png,jr_icons/02_east/koumi-line__e110-3.png
JR東日本,おいこっと/ハイレール,"Oykot, Highrail

過去車両(JR型)",f/e110jiy1.png,jr_icons/02_east/oykot-highrail-jr__e110jiy1.png
JR東日本,おいこっと/ハイレール,"Oykot, Highrail

過去車両(JR型)",f/e110jiy2.png,jr_icons/02_east/oykot-highrail-jr__e110jiy2.png
JR東日本,おいこっと/ハイレール,"Oykot, Highrail

過去車両(JR型)",f/e110hr0.png,jr_icons/02_east/oykot-highrail-jr__e110hr0.png
JR東日本,おいこっと/ハイレール,"Oykot, Highrail

過去車両(JR型)",f/e110hr.png,jr_icons/02_east/oykot-highrail-jr__e110hr.png
JR東日本,*飯山線/小海線,"*Iiyama,Koumi Line",f/e110ii.png,jr_icons/02_east/iiyama-koumi-line__e110ii.png
JR東日本,*飯山線/小海線,"*Iiyama,Koumi Line",f/e110iiy.png,jr_icons/02_east/iiyama-koumi-line__e110iiy.png
JR東日本,*飯山線/小海線,"*Iiyama,Koumi Line",f/e110o.png,jr_icons/02_east/iiyama-koumi-line__e110o.png
JR東日本,*飯山線/小海線,"*Iiyama,Koumi Line",f/e110ex0.png,jr_icons/02_east/iiyama-koumi-line__e110ex0.png
JR東日本,*新潟地区E127,*Niigata Area,f/e127ni1.png,jr_icons/02_east/niigata-area__e127ni1.png
JR東日本,*新潟地区E127,*Niigata Area,f/e127ni3.png,jr_icons/02_east/niigata-area__e127ni3.png
JR東日本,*新潟地区E127,*Niigata Area,f/e127ni2.png,jr_icons/02_east/niigata-area__e127ni2.png
JR東日本,*新潟地区E127,*Niigata Area,f/e127ni.png,jr_icons/02_east/niigata-area__e127ni.png
JR東日本,*新潟地区E120,"*Niigata Area
過去車両(国鉄型)",f/e120.png,jr_icons/02_east/niigata-area__e120.png
JR東日本,米坂/磐越西線,Yonesaka Line,f/e58yo15.png,jr_icons/02_east/yonesaka-line__e58yo15.png
JR東日本,米坂/磐越西線,Yonesaka Line,f/e58yo1.png,jr_icons/02_east/yonesaka-line__e58yo1.png
JR東日本,米坂/磐越西線,Yonesaka Line,f/e58yo.png,jr_icons/02_east/yonesaka-line__e58yo.png
JR東日本,米坂/磐越西線,Yonesaka Line,f/e52yo.png,jr_icons/02_east/yonesaka-line__e52yo.png
JR東日本,米坂/磐越西線,Yonesaka Line,f/e40yo.png,jr_icons/02_east/yonesaka-line__e40yo.png
JR東日本,米坂/磐越西線,Yonesaka Line,f/e40yo1.png,jr_icons/02_east/yonesaka-line__e40yo1.png
JR東日本,米坂/磐越西線,Yonesaka Line,f/e40yo2.png,jr_icons/02_east/yonesaka-line__e40yo2.png
JR東日本,米坂/磐越西線,Yonesaka Line,f/e40j.png,jr_icons/02_east/yonesaka-line__e40j.png
JR東日本,*飯山線,*Iiyama Line,f/e40ii.png,jr_icons/02_east/iiyama-line__e40ii.png
JR東日本,*飯山線,*Iiyama Line,f/e58ii.png,jr_icons/02_east/iiyama-line__e58ii.png
JR東日本,*飯山線,*Iiyama Line,f/e52ii.png,jr_icons/02_east/iiyama-line__e52ii.png
JR東日本,*コカコーラ/UCC色,*Nagano area,f/e115coca.png,jr_icons/02_east/nagano-area__e115coca.png
JR東日本,*コカコーラ/UCC色,*Nagano area,f/e58ucc.png,jr_icons/02_east/nagano-area__e58ucc.png
JR東日本,*中央本線/ミニエコー,*Chuo line,f/e115su0.png,jr_icons/02_east/chuo-line__e115su0.png
JR東日本,*中央本線/ミニエコー,*Chuo line,f/e123r.png,jr_icons/02_east/chuo-line__e123r.png
JR東日本,*中央本線/ミニエコー,*Chuo line,f/e123g.png,jr_icons/02_east/chuo-line__e123g.png
JR東日本,*長野地区,*Nagano Area,f/e115na.png,jr_icons/02_east/nagano-area__e115na.png
JR東日本,*長野地区,*Nagano Area,f/e115na01.png,jr_icons/02_east/nagano-area__e115na01.png
JR東日本,*長野地区,*Nagano Area,f/e169na1.png,jr_icons/02_east/nagano-area__e169na1.png
JR東日本,*長野地区,*Nagano Area,f/e169na1d.png,jr_icons/02_east/nagano-area__e169na1d.png
JR東日本,*長野地区,*Nagano Area,f/e169km.png,jr_icons/02_east/nagano-area__e169km.png
JR東日本,*長野地区,*Nagano Area,f/e169km1.png,jr_icons/02_east/nagano-area__e169km1.png
JR東日本,*長野地区,*Nagano Area,f/e115na1.png,jr_icons/02_east/nagano-area__e115na1.png
JR東日本,*長野地区,*Nagano Area,f/e115na1n.png,jr_icons/02_east/nagano-area__e115na1n.png
JR東日本,*長野地区,*Nagano Area,f/e169_na1.png,jr_icons/02_east/nagano-area__e169-na1.png
JR東日本,*長野地区,*Nagano Area,f/e169na.png,jr_icons/02_east/nagano-area__e169na.png
JR東日本,*長野地区,*Nagano Area,f/e169nad.png,jr_icons/02_east/nagano-area__e169nad.png
JR東日本,*長野地区,*Nagano Area,f/e169na2.png,jr_icons/02_east/nagano-area__e169na2.png
JR東日本,*新潟地区115,*Niigata Area,f/e115ni01.png,jr_icons/02_east/niigata-area__e115ni01.png
JR東日本,*新潟地区115,*Niigata Area,f/e115ni0.png,jr_icons/02_east/niigata-area__e115ni0.png
JR東日本,*新潟地区115,*Niigata Area,f/e115ni2.png,jr_icons/02_east/niigata-area__e115ni2.png
JR東日本,*新潟地区115,*Niigata Area,f/e115ni2o.png,jr_icons/02_east/niigata-area__e115ni2o.png
JR東日本,*新潟地区115,*Niigata Area,f/e115jef1.png,jr_icons/02_east/niigata-area__e115jef1.png
JR東日本,*新潟地区115,*Niigata Area,f/e115jef2.png,jr_icons/02_east/niigata-area__e115jef2.png
JR東日本,*新潟地区115,*Niigata Area,f/e115yh.png,jr_icons/02_east/niigata-area__e115yh.png
JR東日本,*新潟地区115,*Niigata Area,f/e115yh0.png,jr_icons/02_east/niigata-area__e115yh0.png
JR東日本,*新潟地区115,*Niigata Area,f/e115ni1d.png,jr_icons/02_east/niigata-area__e115ni1d.png
JR東日本,*新潟地区115,*Niigata Area,f/e115ni1dn.png,jr_icons/02_east/niigata-area__e115ni1dn.png
JR東日本,*新潟地区115,*Niigata Area,f/e115ni1n.png,jr_icons/02_east/niigata-area__e115ni1n.png
JR東日本,*新潟地区115,*Niigata Area,f/e115ni1.png,jr_icons/02_east/niigata-area__e115ni1.png
JR東日本,*新潟地区115,*Niigata Area,f/e115ni.png,jr_icons/02_east/niigata-area__e115ni.png
JR東日本,*新潟地区115,*Niigata Area,f/e115ni3.png,jr_icons/02_east/niigata-area__e115ni3.png
JR東日本,*新潟地区115,*Niigata Area,f/e115nij.png,jr_icons/02_east/niigata-area__e115nij.png
JR東日本,*ムーンライト,*Moonlight Echigo,f/e165m.png,jr_icons/02_east/moonlight-echigo__e165m.png
JR東日本,*ムーンライト,*Moonlight Echigo,f/e165.png,jr_icons/02_east/moonlight-echigo__e165.png
JR東日本,*ムーンライト,*Moonlight Echigo,f/e165m1e.png,jr_icons/02_east/moonlight-echigo__e165m1e.png
JR東日本,*ムーンライト,*Moonlight Echigo,f/e165he.png,jr_icons/02_east/moonlight-echigo__e165he.png
JR東日本,*ムーンライト,*Moonlight Echigo,f/e165m1h.png,jr_icons/02_east/moonlight-echigo__e165m1h.png
JR東日本,*ムーンライト,*Moonlight Echigo,f/e165h1.png,jr_icons/02_east/moonlight-echigo__e165h1.png
JR東日本,*ムーンライト,*Moonlight Echigo,f/e165m1.png,jr_icons/02_east/moonlight-echigo__e165m1.png
JR東日本,*ムーンライト,*Moonlight Echigo,f/e165m2.png,jr_icons/02_east/moonlight-echigo__e165m2.png
JR東日本,*ムーンライト,*Moonlight Echigo,f/e165m3.png,jr_icons/02_east/moonlight-echigo__e165m3.png
JR東日本,*ムーンライト,*Moonlight Echigo,f/e165m3h.png,jr_icons/02_east/moonlight-echigo__e165m3h.png
JR東日本,*ムーンライト,*Moonlight Echigo,f/e165m0h.png,jr_icons/02_east/moonlight-echigo__e165m0h.png
JR東日本,*ムーンライト,*Moonlight Echigo,f/e165m0.png,jr_icons/02_east/moonlight-echigo__e165m0.png
JR東日本,*シルフィード,*Sirfied,f/de10jslfd2.png,jr_icons/02_east/sirfied__de10jslfd2.png
JR東日本,*シルフィード,*Sirfied,f/de10jslfd.png,jr_icons/02_east/sirfied__de10jslfd.png
JR東日本,*シルフィード,*Sirfied,f/e485jslfd.png,jr_icons/02_east/sirfied__e485jslfd.png
JR東日本,*カーペット/サロン佐渡,*Salon Sado,f/e58jkpt.png,jr_icons/02_east/salon-sado__e58jkpt.png
JR東日本,*カーペット/サロン佐渡,*Salon Sado,f/e58jkpt1.png,jr_icons/02_east/salon-sado__e58jkpt1.png
JR東日本,*カーペット/サロン佐渡,*Salon Sado,f/e12jsado.png,jr_icons/02_east/salon-sado__e12jsado.png
JR東日本,*ばんえつ物語/*赤倉,"*Banetsu, *Akakura",f/e12ba.png,jr_icons/02_east/banetsu-akakura__e12ba.png
JR東日本,*ばんえつ物語/*赤倉,"*Banetsu, *Akakura",f/e12ba2.png,jr_icons/02_east/banetsu-akakura__e12ba2.png
JR東日本,*ばんえつ物語/*赤倉,"*Banetsu, *Akakura",f/e165ak.png,jr_icons/02_east/banetsu-akakura__e165ak.png
JR東日本,*彩/Kうえつ/NoDoKa,"*Irodori/Uetsu




<
	JR北海道
｜
	JR東海
>

	
	
	1
	2
	3
	4
	5
	6
	7
	8
	大


2026/4/3 Update",f/e485jngv.png,jr_icons/02_east/irodori-uetsu-jr-jr-1-2-3-4-5-6-7-8-2026-4-3-update__e485jngv.png
JR東日本,*彩/Kうえつ/NoDoKa,"*Irodori/Uetsu




<
	JR北海道
｜
	JR東海
>

	
	
	1
	2
	3
	4
	5
	6
	7
	8
	大


2026/4/3 Update",f/e485jngr.png,jr_icons/02_east/irodori-uetsu-jr-jr-1-2-3-4-5-6-7-8-2026-4-3-update__e485jngr.png
JR東日本,*彩/Kうえつ/NoDoKa,"*Irodori/Uetsu




<
	JR北海道
｜
	JR東海
>

	
	
	1
	2
	3
	4
	5
	6
	7
	8
	大


2026/4/3 Update",f/e485jkrue.png,jr_icons/02_east/irodori-uetsu-jr-jr-1-2-3-4-5-6-7-8-2026-4-3-update__e485jkrue.png
JR東日本,*彩/Kうえつ/NoDoKa,"*Irodori/Uetsu




<
	JR北海道
｜
	JR東海
>

	
	
	1
	2
	3
	4
	5
	6
	7
	8
	大


2026/4/3 Update",f/e485jnodk.png,jr_icons/02_east/irodori-uetsu-jr-jr-1-2-3-4-5-6-7-8-2026-4-3-update__e485jnodk.png
JR東日本,さとの/ひなび,"Satono, Hinabi",f/e300stg.png,jr_icons/02_east/satono-hinabi__e300stg.png
JR東日本,さとの/ひなび,"Satono, Hinabi",f/e300stm.png,jr_icons/02_east/satono-hinabi__e300stm.png
JR東日本,さとの/ひなび,"Satono, Hinabi",f/e300hnb.png,jr_icons/02_east/satono-hinabi__e300hnb.png
JR東日本,只見線,Tadami line,f/e110se.png,jr_icons/02_east/tadami-line__e110se.png
JR東日本,只見線,Tadami line,f/e110o1.png,jr_icons/02_east/tadami-line__e110o1.png
JR東日本,只見線,Tadami line,f/e120td.png,jr_icons/02_east/tadami-line__e120td.png
JR東日本,只見線,Tadami line,f/e120ry.png,jr_icons/02_east/tadami-line__e120ry.png
JR東日本,仙台地区/空港線,Sendai area,f/e721se1.png,jr_icons/02_east/sendai-area__e721se1.png
JR東日本,仙台地区/空港線,Sendai area,f/e721se.png,jr_icons/02_east/sendai-area__e721se.png
JR東日本,仙台地区/空港線,Sendai area,f/e721.png,jr_icons/02_east/sendai-area__e721.png
JR東日本,仙台地区/空港線,Sendai area,f/ee210st.png,jr_icons/02_east/sendai-area__ee210st.png
JR東日本,仙台地区/空港線,Sendai area,f/e701se2.png,jr_icons/02_east/sendai-area__e701se2.png
JR東日本,仙台地区/空港線,Sendai area,f/e701se1.png,jr_icons/02_east/sendai-area__e701se1.png
JR東日本,仙台地区/空港線,Sendai area,f/e701se.png,jr_icons/02_east/sendai-area__e701se.png
JR東日本,仙石線E131,Senseki line,f/e131se.png,jr_icons/02_east/senseki-line__e131se.png
JR東日本,山形線,Yamagata line,f/e723ya.png,jr_icons/02_east/yamagata-line__e723ya.png
JR東日本,山形線,Yamagata line,f/e701ya.png,jr_icons/02_east/yamagata-line__e701ya.png
JR東日本,山形線,Yamagata line,f/e719y.png,jr_icons/02_east/yamagata-line__e719y.png
JR東日本,陸羽/左沢/おもいで,"Rikuu, Aterazawa",f/e110oc.png,jr_icons/02_east/rikuu-aterazawa__e110oc.png
JR東日本,陸羽/左沢/おもいで,"Rikuu, Aterazawa",f/e110at.png,jr_icons/02_east/rikuu-aterazawa__e110at.png
JR東日本,陸羽/左沢/おもいで,"Rikuu, Aterazawa",f/e110om.png,jr_icons/02_east/rikuu-aterazawa__e110om.png
JR東日本,風っこ,Kazekko,f/e40jkaze.png,jr_icons/02_east/kazekko__e40jkaze.png
JR東日本,白河研修車,Training Car,f/e991.png,jr_icons/02_east/training-car__e991.png
JR東日本,東北地区除雪機械,"ENR1000
過去車両(JR型)",f/e1000enr.png,jr_icons/02_east/enr1000-jr__e1000enr.png
JR東日本,*山形線,*Yamagata line,f/e701ya0.png,jr_icons/02_east/yamagata-line__e701ya0.png
JR東日本,陸羽/左沢線,"Rikuu, Aterazawa",f/e110rtr.png,jr_icons/02_east/rikuu-aterazawa__e110rtr.png
JR東日本,陸羽/左沢線,"Rikuu, Aterazawa",f/e110th6.png,jr_icons/02_east/rikuu-aterazawa__e110th6.png
JR東日本,*山形線,*Yamagata line,f/e719y0.png,jr_icons/02_east/yamagata-line__e719y0.png
JR東日本,*仙台地区,*Sendai area,f/e719.png,jr_icons/02_east/sendai-area__e719.png
JR東日本,*仙台地区,*Sendai area,f/e719_scr.png,jr_icons/02_east/sendai-area__e719-scr.png
JR東日本,*磐越西線,*Banetsu Line,f/e719bs.png,jr_icons/02_east/banetsu-line__e719bs.png
JR東日本,*磐越西線,*Banetsu Line,f/e719b.png,jr_icons/02_east/banetsu-line__e719b.png
JR東日本,*フルーティア,"*FruiTea
過去車両(国鉄型)",f/e719ft.png,jr_icons/02_east/fruitea__e719ft.png
JR東日本,リゾートみのり,Minori,f/e40jmn.png,jr_icons/02_east/minori__e40jmn.png
JR東日本,リゾートみのり,Minori,f/e40jmnk.png,jr_icons/02_east/minori__e40jmnk.png
JR東日本,*カシオペア/北斗星,Hokutosei,f/ef81kas2.png,jr_icons/02_east/hokutosei__ef81kas2.png
JR東日本,*カシオペア/北斗星,Hokutosei,f/ef81kas.png,jr_icons/02_east/hokutosei__ef81kas.png
JR東日本,*カシオペア/北斗星,Hokutosei,f/e24.png,jr_icons/02_east/hokutosei__e24.png
JR東日本,*カシオペア/北斗星,Hokutosei,f/j24dng.png,jr_icons/02_east/hokutosei__j24dng.png
JR東日本,*カシオペア/北斗星,Hokutosei,f/j24hg.png,jr_icons/02_east/hokutosei__j24hg.png
JR東日本,*カシオペア/北斗星,Hokutosei,f/j24dng0.png,jr_icons/02_east/hokutosei__j24dng0.png
JR東日本,*カシオペア/北斗星,Hokutosei,f/j24m50g.png,jr_icons/02_east/hokutosei__j24m50g.png
JR東日本,*ふるさと,*Furusato,f/e40jfg.png,jr_icons/02_east/furusato__e40jfg.png
JR東日本,*ふるさと,*Furusato,f/e40jfr.png,jr_icons/02_east/furusato__e40jfr.png
JR東日本,*ふるさと,*Furusato,f/e40jfv.png,jr_icons/02_east/furusato__e40jfv.png
JR東日本,*只見線,*Tadami line,f/e40tdg.png,jr_icons/02_east/tadami-line__e40tdg.png
JR東日本,*只見線,*Tadami line,f/e40tdr.png,jr_icons/02_east/tadami-line__e40tdr.png
JR東日本,*仙台地区,*Sendai area,f/e715h.png,jr_icons/02_east/sendai-area__e715h.png
JR東日本,*仙台地区,*Sendai area,f/e715l.png,jr_icons/02_east/sendai-area__e715l.png
JR東日本,/オプティカル電車,*仙山線/*Senzan Line,f/e455se.png,jr_icons/02_east/senzan-line__e455se.png
JR東日本,/オプティカル電車,*仙山線/*Senzan Line,f/e455opg.png,jr_icons/02_east/senzan-line__e455opg.png
JR東日本,/オプティカル電車,*仙山線/*Senzan Line,f/e455opb.png,jr_icons/02_east/senzan-line__e455opb.png
JR東日本,/オプティカル電車,*仙山線/*Senzan Line,f/e455pwr.png,jr_icons/02_east/senzan-line__e455pwr.png
JR東日本,/オプティカル電車,*仙山線/*Senzan Line,f/e455pwy.png,jr_icons/02_east/senzan-line__e455pwy.png
JR東日本,*仙台地区717,*Sendai area,f/e717se.png,jr_icons/02_east/sendai-area__e717se.png
JR東日本,*仙石線,*Senseki Line,f/e103se1.png,jr_icons/02_east/senseki-line__e103se1.png
JR東日本,*仙石線,*Senseki Line,f/e103seh.png,jr_icons/02_east/senseki-line__e103seh.png
JR東日本,*仙石線,*Senseki Line,f/e103se.png,jr_icons/02_east/senseki-line__e103se.png
JR東日本,*仙石線,*Senseki Line,f/e103se3.png,jr_icons/02_east/senseki-line__e103se3.png
JR東日本,*仙石線,*Senseki Line,f/e103se2.png,jr_icons/02_east/senseki-line__e103se2.png
JR東日本,*仙石線,*Senseki Line,f/e105se1.png,jr_icons/02_east/senseki-line__e105se1.png
JR東日本,*仙石線,*Senseki Line,f/e103se6.png,jr_icons/02_east/senseki-line__e103se6.png
JR東日本,仙石線/仙石東北,Senseki line,f/e205_se.png,jr_icons/02_east/senseki-line__e205-se.png
JR東日本,仙石線/仙石東北,Senseki line,f/e205_sep.png,jr_icons/02_east/senseki-line__e205-sep.png
JR東日本,仙石線/仙石東北,Senseki line,f/e205_seg.png,jr_icons/02_east/senseki-line__e205-seg.png
JR東日本,仙石線/仙石東北,Senseki line,f/e205_suica.png,jr_icons/02_east/senseki-line__e205-suica.png
JR東日本,仙石線/仙石東北,Senseki line,f/e205_mg3.png,jr_icons/02_east/senseki-line__e205-mg3.png
JR東日本,仙石線/仙石東北,Senseki line,f/e205_mg1.png,jr_icons/02_east/senseki-line__e205-mg1.png
JR東日本,仙石線/仙石東北,Senseki line,f/e205_mg2.png,jr_icons/02_east/senseki-line__e205-mg2.png
JR東日本,仙石線/仙石東北,Senseki line,f/e205_mg4.png,jr_icons/02_east/senseki-line__e205-mg4.png
JR東日本,*磐越西線,*Banetsu Line,f/e455bal.png,jr_icons/02_east/banetsu-line__e455bal.png
JR東日本,*磐越西線,*Banetsu Line,f/e455bal2.png,jr_icons/02_east/banetsu-line__e455bal2.png
JR東日本,*磐越西線,*Banetsu Line,f/e455ba.png,jr_icons/02_east/banetsu-line__e455ba.png
JR東日本,*磐越西線,*Banetsu Line,f/e455ba2.png,jr_icons/02_east/banetsu-line__e455ba2.png
JR東日本,*磐越西線,*Banetsu Line,f/e455bab.png,jr_icons/02_east/banetsu-line__e455bab.png
JR東日本,*仙台地区,*Sendai Area,f/e455o.png,jr_icons/02_east/sendai-area__e455o.png
JR東日本,*仙台地区,*Sendai Area,f/e455o1.png,jr_icons/02_east/sendai-area__e455o1.png
JR東日本,*仙台地区,*Sendai Area,f/e455o1l.png,jr_icons/02_east/sendai-area__e455o1l.png
JR東日本,*仙台地区,*Sendai Area,f/e455l_scr.png,jr_icons/02_east/sendai-area__e455l-scr.png
JR東日本,*仙台地区,*Sendai Area,f/e455l.png,jr_icons/02_east/sendai-area__e455l.png
JR東日本,*仙台地区,*Sendai Area,f/e455l2.png,jr_icons/02_east/sendai-area__e455l2.png
JR東日本,*仙台地区,*Sendai Area,f/e455.png,jr_icons/02_east/sendai-area__e455.png
JR東日本,*仙台地区,*Sendai Area,f/e417.png,jr_icons/02_east/sendai-area__e417.png
JR東日本,只見線/*南東北/左沢,Sendai Area,f/e40ta.png,jr_icons/02_east/sendai-area__e40ta.png
JR東日本,只見線/*南東北/左沢,Sendai Area,f/e40se1.png,jr_icons/02_east/sendai-area__e40se1.png
JR東日本,只見線/*南東北/左沢,Sendai Area,f/e58se2.png,jr_icons/02_east/sendai-area__e58se2.png
JR東日本,只見線/*南東北/左沢,Sendai Area,f/e58se.png,jr_icons/02_east/sendai-area__e58se.png
JR東日本,只見線/*南東北/左沢,Sendai Area,f/e58se3.png,jr_icons/02_east/sendai-area__e58se3.png
JR東日本,只見線/*南東北/左沢,Sendai Area,f/e23se.png,jr_icons/02_east/sendai-area__e23se.png
JR東日本,只見線/*南東北/左沢,Sendai Area,f/e22se.png,jr_icons/02_east/sendai-area__e22se.png
JR東日本,只見線/*南東北/左沢,Sendai Area,f/e40at.png,jr_icons/02_east/sendai-area__e40at.png
JR東日本,*こがね/*グラシア,*Kogane/Gracia,f/e58jkgn.png,jr_icons/02_east/kogane-gracia__e58jkgn.png
JR東日本,*こがね/*グラシア,*Kogane/Gracia,f/e58jgrsa.png,jr_icons/02_east/kogane-gracia__e58jgrsa.png
JR東日本,*こがね/*グラシア,*Kogane/Gracia,f/e58jgrsa2.png,jr_icons/02_east/kogane-gracia__e58jgrsa2.png
JR東日本,*オリエントサルーン,"*Orient Saloon




<
	JR北海道
｜
	JR東海
>

	
	
	1
	2
	3
	4
	5
	6
	7
	8
	大


2026/1/23 Update",f/ed75jores.png,jr_icons/02_east/orient-saloon-jr-jr-1-2-3-4-5-6-7-8-2026-1-23-update__ed75jores.png
JR東日本,*オリエントサルーン,"*Orient Saloon




<
	JR北海道
｜
	JR東海
>

	
	
	1
	2
	3
	4
	5
	6
	7
	8
	大


2026/1/23 Update",f/e12jores.png,jr_icons/02_east/orient-saloon-jr-jr-1-2-3-4-5-6-7-8-2026-1-23-update__e12jores.png
JR東日本,盛岡地区110,Morioka area,f/e110mo.png,jr_icons/02_east/morioka-area__e110mo.png
JR東日本,東北エモーション,Tohoku emotion,f/e110emo.png,jr_icons/02_east/tohoku-emotion__e110emo.png
JR東日本,東北エモーション,Tohoku emotion,f/e110emo1.png,jr_icons/02_east/tohoku-emotion__e110emo1.png
JR東日本,リゾートしらかみ,Shirakami,f/e300sr1.png,jr_icons/02_east/shirakami__e300sr1.png
JR東日本,リゾートしらかみ,Shirakami,f/e300sr2.png,jr_icons/02_east/shirakami__e300sr2.png
JR東日本,リゾートしらかみ,Shirakami,f/e40jrs3.png,jr_icons/02_east/shirakami__e40jrs3.png
JR東日本,リゾートしらかみ,Shirakami,f/e40kjrs3.png,jr_icons/02_east/shirakami__e40kjrs3.png
JR東日本,秋田地区,Akita area,f/e701ak4.png,jr_icons/02_east/akita-area__e701ak4.png
JR東日本,秋田地区,Akita area,f/e701ak6.png,jr_icons/02_east/akita-area__e701ak6.png
JR東日本,田沢湖線/*,Tazawako line/*,f/e701tal.png,jr_icons/02_east/tazawako-line__e701tal.png
JR東日本,田沢湖線/*,Tazawako line/*,f/e701ta1.png,jr_icons/02_east/tazawako-line__e701ta1.png
JR東日本,田沢湖線/*,Tazawako line/*,f/e701ta.png,jr_icons/02_east/tazawako-line__e701ta.png
JR東日本,東北線,Tohoku line,f/e701mo.png,jr_icons/02_east/tohoku-line__e701mo.png
JR東日本,東北線,Tohoku line,f/e701mo1.png,jr_icons/02_east/tohoku-line__e701mo1.png
JR東日本,東北線,Tohoku line,f/e701mo2.png,jr_icons/02_east/tohoku-line__e701mo2.png
JR東日本,東北線,Tohoku line,f/e701mohr.png,jr_icons/02_east/tohoku-line__e701mohr.png
JR東日本,五能線/男鹿線,"Gono, Oga line",f/ee801ogr1.png,jr_icons/02_east/gono-oga-line__ee801ogr1.png
JR東日本,五能線/男鹿線,"Gono, Oga line",f/ee801ogr.png,jr_icons/02_east/gono-oga-line__ee801ogr.png
JR東日本,五能線/男鹿線,"Gono, Oga line",f/ee801ogb1.png,jr_icons/02_east/gono-oga-line__ee801ogb1.png
JR東日本,五能線/男鹿線,"Gono, Oga line",f/ee801ogb.png,jr_icons/02_east/gono-oga-line__ee801ogb.png
JR東日本,八戸/五能/釜石線,Tohoku area,f/e130he.png,jr_icons/02_east/tohoku-area__e130he.png
JR東日本,八戸/五能/釜石線,Tohoku area,f/ee400ak.png,jr_icons/02_east/tohoku-area__ee400ak.png
JR東日本,八戸/五能/釜石線,Tohoku area,f/ee220gm.png,jr_icons/02_east/tohoku-area__ee220gm.png
JR東日本,盛岡地区(外幌付),Morioka area,f/e112ex.png,jr_icons/02_east/morioka-area__e112ex.png
JR東日本,盛岡地区(外幌付),Morioka area,f/e112.png,jr_icons/02_east/morioka-area__e112.png
JR東日本,盛岡地区(外幌付),Morioka area,f/e110ex.png,jr_icons/02_east/morioka-area__e110ex.png
JR東日本,盛岡地区(外幌付),Morioka area,f/e110s.png,jr_icons/02_east/morioka-area__e110s.png
JR東日本,盛岡地区(外幌付),Morioka area,f/e110_2.png,jr_icons/02_east/morioka-area__e110-2.png
JR東日本,ポケモントレイン,"Ofunato line
過去車両(JR型)",f/e110pm1n.png,jr_icons/02_east/ofunato-line-jr__e110pm1n.png
JR東日本,ポケモントレイン,"Ofunato line
過去車両(JR型)",f/e110pm2n.png,jr_icons/02_east/ofunato-line-jr__e110pm2n.png
JR東日本,ポケモントレイン,"Ofunato line
過去車両(JR型)",f/e110pm1.png,jr_icons/02_east/ofunato-line-jr__e110pm1.png
JR東日本,ポケモントレイン,"Ofunato line
過去車両(JR型)",f/e110pm2.png,jr_icons/02_east/ofunato-line-jr__e110pm2.png
JR東日本,*秋田地区,*Akita area,f/e701ak1.png,jr_icons/02_east/akita-area__e701ak1.png
JR東日本,*秋田地区,*Akita area,f/e701ak5.png,jr_icons/02_east/akita-area__e701ak5.png
JR東日本,*秋田地区,*Akita area,f/e701ak2.png,jr_icons/02_east/akita-area__e701ak2.png
JR東日本,*秋田地区,*Akita area,f/e701ak3.png,jr_icons/02_east/akita-area__e701ak3.png
JR東日本,*秋田地区旧色,*Akita area,f/e701ak0.png,jr_icons/02_east/akita-area__e701ak0.png
JR東日本,*秋田地区旧色,*Akita area,f/e701ak.png,jr_icons/02_east/akita-area__e701ak.png
JR東日本,*秋田地区旧色,*Akita area,f/e719ak.png,jr_icons/02_east/akita-area__e719ak.png
JR東日本,*秋田リレー,*Akita Relay,f/e110ak.png,jr_icons/02_east/akita-relay__e110ak.png
JR東日本,北東北地区,Morioka Area,f/e110ex1.png,jr_icons/02_east/morioka-area__e110ex1.png
JR東日本,北東北地区,Morioka Area,f/e110ymmc.png,jr_icons/02_east/morioka-area__e110ymmc.png
JR東日本,北東北地区,Morioka Area,f/e110pm.png,jr_icons/02_east/morioka-area__e110pm.png
JR東日本,*リゾートあすなろ,"*Asunaro
過去車両(国鉄型)",f/e300as.png,jr_icons/02_east/asunaro__e300as.png
JR東日本,クルージングトレイン,Cruising train,f/e40jct.png,jr_icons/02_east/cruising-train__e40jct.png
JR東日本,*あきたクルーズトレイン,*Akita Cruise train,f/e40akc.png,jr_icons/02_east/akita-cruise-train__e40akc.png
JR東日本,*あきたクルーズトレイン,*Akita Cruise train,f/e40akck.png,jr_icons/02_east/akita-cruise-train__e40akck.png
JR東日本,*五能線/男鹿線,"*Gono, Oga line",f/e40og.png,jr_icons/02_east/gono-oga-line__e40og.png
JR東日本,*五能線/男鹿線,"*Gono, Oga line",f/e40og1.png,jr_icons/02_east/gono-oga-line__e40og1.png
JR東日本,*五能線/男鹿線,"*Gono, Oga line",f/e40go2.png,jr_icons/02_east/gono-oga-line__e40go2.png
JR東日本,*五能線/男鹿線,"*Gono, Oga line",f/e40go.png,jr_icons/02_east/gono-oga-line__e40go.png
JR東日本,*Rうみねこ/八戸線,*Umineko,f/e40jum.png,jr_icons/02_east/umineko__e40jum.png
JR東日本,*Rうみねこ/八戸線,*Umineko,f/e40jumk.png,jr_icons/02_east/umineko__e40jumk.png
JR東日本,*Rうみねこ/八戸線,*Umineko,f/e40mo.png,jr_icons/02_east/umineko__e40mo.png
JR東日本,*リゾートしらかみ,/*Shirakami,f/e40rs.png,jr_icons/02_east/shirakami__e40rs.png
JR東日本,*リゾートしらかみ,/*Shirakami,f/e40jrs.png,jr_icons/02_east/shirakami__e40jrs.png
JR東日本,*リゾートしらかみ,/*Shirakami,f/e40kjrs.png,jr_icons/02_east/shirakami__e40kjrs.png
JR東日本,*リゾートしらかみ,/*Shirakami,f/e40jrs2.png,jr_icons/02_east/shirakami__e40jrs2.png
JR東日本,*リゾートしらかみ,/*Shirakami,f/e40kjrs2.png,jr_icons/02_east/shirakami__e40kjrs2.png
JR東日本,*男鹿/五能線,*Oga&Gonou Line,f/e58go0.png,jr_icons/02_east/oga-gonou-line__e58go0.png
JR東日本,*男鹿/五能線,*Oga&Gonou Line,f/e58go1.png,jr_icons/02_east/oga-gonou-line__e58go1.png
JR東日本,*男鹿/五能線,*Oga&Gonou Line,f/e40go1.png,jr_icons/02_east/oga-gonou-line__e40go1.png
JR東日本,*男鹿/五能線,*Oga&Gonou Line,f/e58ak0.png,jr_icons/02_east/oga-gonou-line__e58ak0.png
JR東日本,*男鹿/五能線,*Oga&Gonou Line,f/e58ak.png,jr_icons/02_east/oga-gonou-line__e58ak.png
JR東日本,*男鹿/五能線,*Oga&Gonou Line,f/e58ak150.png,jr_icons/02_east/oga-gonou-line__e58ak150.png
JR東日本,*男鹿/五能線,*Oga&Gonou Line,f/e58ak15.png,jr_icons/02_east/oga-gonou-line__e58ak15.png
JR東日本,*男鹿/五能線,*Oga&Gonou Line,f/e40ak.png,jr_icons/02_east/oga-gonou-line__e40ak.png
JR東日本,*盛岡地区,*Morioka Area,f/e58mo.png,jr_icons/02_east/morioka-area__e58mo.png
JR東日本,*盛岡地区,*Morioka Area,f/e23mo.png,jr_icons/02_east/morioka-area__e23mo.png
JR東日本,*盛岡地区,*Morioka Area,f/e52mo1.png,jr_icons/02_east/morioka-area__e52mo1.png
JR東日本,*盛岡地区,*Morioka Area,f/e40mo2.png,jr_icons/02_east/morioka-area__e40mo2.png
JR東日本,*盛岡地区,*Morioka Area,f/e58mo2.png,jr_icons/02_east/morioka-area__e58mo2.png
JR東日本,*盛岡地区,*Morioka Area,f/e23mo2.png,jr_icons/02_east/morioka-area__e23mo2.png
JR東日本,*盛岡地区,*Morioka Area,f/e58mo2b.png,jr_icons/02_east/morioka-area__e58mo2b.png
JR東日本,*盛岡地区,*Morioka Area,f/e52mo2.png,jr_icons/02_east/morioka-area__e52mo2.png
JR東日本,*みちのく/うみねこ/*,Michinoku/Umineko,f/e40jkrmt.png,jr_icons/02_east/michinoku-umineko__e40jkrmt.png
JR東日本,*みちのく/うみねこ/*,Michinoku/Umineko,f/e40kjkrmt.png,jr_icons/02_east/michinoku-umineko__e40kjkrmt.png
JR東日本,*みちのく/うみねこ/*,Michinoku/Umineko,f/e40umnk.png,jr_icons/02_east/michinoku-umineko__e40umnk.png
JR東日本,*みちのく/うみねこ/*,Michinoku/Umineko,f/e22utou.png,jr_icons/02_east/michinoku-umineko__e22utou.png
JR東日本,*みちのく/うみねこ/*,Michinoku/Umineko,f/e58um.png,jr_icons/02_east/michinoku-umineko__e58um.png
JR東日本,*みちのく/うみねこ/*,Michinoku/Umineko,f/e58um15.png,jr_icons/02_east/michinoku-umineko__e58um15.png
JR東日本,*みちのく/うみねこ/*,Michinoku/Umineko,f/e52mo0.png,jr_icons/02_east/michinoku-umineko__e52mo0.png
JR東日本,*みちのく/うみねこ/*,Michinoku/Umineko,f/e40mo0.png,jr_icons/02_east/michinoku-umineko__e40mo0.png
JR東日本,*みちのく/うみねこ/*,Michinoku/Umineko,f/e23mo0.png,jr_icons/02_east/michinoku-umineko__e23mo0.png
JR東日本,*よねしろ,*Yoneshiro,f/e58ynsr.png,jr_icons/02_east/yoneshiro__e58ynsr.png
JR東日本,*よねしろ,*Yoneshiro,f/e58ynsr2.png,jr_icons/02_east/yoneshiro__e58ynsr2.png
JR東日本,"*こまち/おばこ,アキ座",*Akita area,f/e58jkmt.png,jr_icons/02_east/akita-area__e58jkmt.png
JR東日本,"*こまち/おばこ,アキ座",*Akita area,f/e58jobk.png,jr_icons/02_east/akita-area__e58jobk.png
JR東日本,"*こまち/おばこ,アキ座",*Akita area,f/e58jakki.png,jr_icons/02_east/akita-area__e58jakki.png
JR東日本,"*こまち/おばこ,アキ座",*Akita area,f/e58jakz.png,jr_icons/02_east/akita-area__e58jakz.png
JR東日本,"*こまち/おばこ,アキ座",*Akita area,f/e58jakz2.png,jr_icons/02_east/akita-area__e58jakz2.png
JR東日本,*エーデルワイス,*ふれあいみちのく,f/e58jedw1.png,jr_icons/02_east/untitled__e58jedw1.png
JR東日本,*エーデルワイス,*ふれあいみちのく,f/e58jedw2.png,jr_icons/02_east/untitled__e58jedw2.png
JR東日本,*エーデルワイス,*ふれあいみちのく,f/e12jmtnk.png,jr_icons/02_east/untitled__e12jmtnk.png
JR東日本,*エーデルワイス,*ふれあいみちのく,f/e12jmtnk1.png,jr_icons/02_east/untitled__e12jmtnk1.png
JR東日本,*ノスビュー,*Nostalgic View,f/de10jnosv.png,jr_icons/02_east/nostalgic-view__de10jnosv.png
JR東日本,*ノスビュー,*Nostalgic View,f/e50jnosv.png,jr_icons/02_east/nostalgic-view__e50jnosv.png
JR東日本,*ノスビュー,*Nostalgic View,f/e50kjnosv.png,jr_icons/02_east/nostalgic-view__e50kjnosv.png
JR東日本,,*さんりくトレイン,f/e58jknj3.png,jr_icons/02_east/untitled__e58jknj3.png
JR東日本,,*さんりくトレイン,f/e58jkenji3.png,jr_icons/02_east/untitled__e58jkenji3.png
JR東日本,,*さんりくトレイン,f/e58jkenj.png,jr_icons/02_east/untitled__e58jkenj.png
JR東日本,,*さんりくトレイン,f/e58jknj3k.png,jr_icons/02_east/untitled__e58jknj3k.png
JR東日本,,*さんりくトレイン,f/e58jkenjig.png,jr_icons/02_east/untitled__e58jkenjig.png
JR東日本,,*さんりくトレイン,f/e58jkenjik.png,jr_icons/02_east/untitled__e58jkenjik.png
JR東日本,*ジパング,*Zipang,f/e485jmo.png,jr_icons/02_east/zipang__e485jmo.png
JR東日本,*SL銀河,"*Ginga




<
	JR北海道
｜
	JR東海
>

	
	
	1
	2
	3
	4
	5
	6
	7
	8
	大


2026/7/24 Update",f/c58gng.png,jr_icons/02_east/ginga-jr-jr-1-2-3-4-5-6-7-8-2026-7-24-update__c58gng.png
JR東日本,*SL銀河,"*Ginga




<
	JR北海道
｜
	JR東海
>

	
	
	1
	2
	3
	4
	5
	6
	7
	8
	大


2026/7/24 Update",f/e141gi2.png,jr_icons/02_east/ginga-jr-jr-1-2-3-4-5-6-7-8-2026-7-24-update__e141gi2.png
JR東日本,*SL銀河,"*Ginga




<
	JR北海道
｜
	JR東海
>

	
	
	1
	2
	3
	4
	5
	6
	7
	8
	大


2026/7/24 Update",f/e141gi1.png,jr_icons/02_east/ginga-jr-jr-1-2-3-4-5-6-7-8-2026-7-24-update__e141gi1.png
JR東日本,*Pアルプス/メルヘン,*Alps,f/e165jalps.png,jr_icons/02_east/alps__e165jalps.png
JR東日本,*Pアルプス/メルヘン,*Alps,f/e165jalpsk.png,jr_icons/02_east/alps__e165jalpsk.png
JR東日本,*Pアルプス/メルヘン,*Alps,f/e167jmlhn2.png,jr_icons/02_east/alps__e167jmlhn2.png
JR東日本,*Pアルプス/メルヘン,*Alps,f/e167jmlhn1.png,jr_icons/02_east/alps__e167jmlhn1.png
JR東日本,*なのはな,*Nanohana,f/e165jnand.png,jr_icons/02_east/nanohana__e165jnand.png
JR東日本,*なのはな,*Nanohana,f/e165jnano.png,jr_icons/02_east/nanohana__e165jnano.png
JR東日本,*なのはな,*Nanohana,f/e165_jnano.png,jr_icons/02_east/nanohana__e165-jnano.png
JR東日本,*シャトルマイハマ/α,*Shuttle Maihama,f/e165jmh.png,jr_icons/02_east/shuttle-maihama__e165jmh.png
JR東日本,*シャトルマイハマ/α,*Shuttle Maihama,f/e165jalfa.png,jr_icons/02_east/shuttle-maihama__e165jalfa.png
JR東日本,*ゆう,*Yu,f/e485jyu.png,jr_icons/02_east/yu__e485jyu.png
JR東日本,*ゆう,*Yu,f/e50jyu.png,jr_icons/02_east/yu__e50jyu.png
JR東日本,*なごやか/くつろぎ,*Kutsurogi,f/e12jngyk2.png,jr_icons/02_east/kutsurogi__e12jngyk2.png
JR東日本,*なごやか/くつろぎ,*Kutsurogi,f/e12jktrg0.png,jr_icons/02_east/kutsurogi__e12jktrg0.png
JR東日本,*なごやか/くつろぎ,*Kutsurogi,f/e12jktrg.png,jr_icons/02_east/kutsurogi__e12jktrg.png
JR東日本,*アルカディア/おもいで,*Arcadia/Omoide,f/e58jalkd.png,jr_icons/02_east/arcadia-omoide__e58jalkd.png
JR東日本,*アルカディア/おもいで,*Arcadia/Omoide,f/e58jalkdk.png,jr_icons/02_east/arcadia-omoide__e58jalkdk.png
JR東日本,*アルカディア/おもいで,*Arcadia/Omoide,f/e58omid.png,jr_icons/02_east/arcadia-omoide__e58omid.png
JR東日本,*白樺,*Shirakaba,f/e12jsrkb0.png,jr_icons/02_east/shirakaba__e12jsrkb0.png
JR東日本,*白樺,*Shirakaba,f/e12jsrkb1.png,jr_icons/02_east/shirakaba__e12jsrkb1.png
JR東日本,*白樺,*Shirakaba,f/e12jsrkb2.png,jr_icons/02_east/shirakaba__e12jsrkb2.png
JR東日本,*夢空間/浪漫,Ymekukan/Roman,f/e14jrmn1.png,jr_icons/02_east/ymekukan-roman__e14jrmn1.png
JR東日本,*夢空間/浪漫,Ymekukan/Roman,f/e14jrmn2.png,jr_icons/02_east/ymekukan-roman__e14jrmn2.png
JR東日本,*ロマンティック秋風,*Oito Line,f/e52akkz.png,jr_icons/02_east/oito-line__e52akkz.png
JR東日本,*四季彩,Shikisai,f/e201jpi.png,jr_icons/02_east/shikisai__e201jpi.png
JR東日本,*四季彩,Shikisai,f/e201jmi.png,jr_icons/02_east/shikisai__e201jmi.png
JR東日本,*四季彩,Shikisai,f/e201jmr.png,jr_icons/02_east/shikisai__e201jmr.png
JR東日本,*山手線,*Yamanote Line,f/e103rl.png,jr_icons/02_east/yamanote-line__e103rl.png
JR東日本,*山手線,*Yamanote Line,f/e103tech.png,jr_icons/02_east/yamanote-line__e103tech.png
JR東日本,*横浜線,*Yokohama Line,f/e103ug_sk.png,jr_icons/02_east/yokohama-line__e103ug-sk.png
JR東日本,*横浜線,*Yokohama Line,f/e103ug_ft.png,jr_icons/02_east/yokohama-line__e103ug-ft.png
JR東日本,検測/限界測定車,Measureing Car,f/e000tdm.png,jr_icons/02_east/measureing-car__e000tdm.png
JR東日本,検測/限界測定車,Measureing Car,f/e50oirn.png,jr_icons/02_east/measureing-car__e50oirn.png
JR東日本,検測/限界測定車,Measureing Car,f/e34jgn1.png,jr_icons/02_east/measureing-car__e34jgn1.png
JR東日本,検測/限界測定車,Measureing Car,f/e34jgn2.png,jr_icons/02_east/measureing-car__e34jgn2.png
JR東日本,水戸保守用車MMU,Mobile Maintenance Unit,f/e-mmu1.png,jr_icons/02_east/mobile-maintenance-unit__e-mmu1.png
JR東日本,*事業用車,Working car,f/e143sh.png,jr_icons/02_east/working-car__e143sh.png
JR東日本,*事業用車,Working car,f/e143s.png,jr_icons/02_east/working-car__e143s.png
JR東日本,*事業用車,Working car,f/e143tk1.png,jr_icons/02_east/working-car__e143tk1.png
JR東日本,*事業用車,Working car,f/e103jgoi.png,jr_icons/02_east/working-car__e103jgoi.png
JR東日本,*事業用車,Working car,f/e101jgoi.png,jr_icons/02_east/working-car__e101jgoi.png
JR東日本,*事業用車,Working car,f/e101jofn.png,jr_icons/02_east/working-car__e101jofn.png
JR東日本,*事業用車,Working car,f/e743ymgt.png,jr_icons/02_east/working-car__e743ymgt.png
JR東日本,*上沼垂牽引車,*Working car 115,f/e115jgkn1.png,jr_icons/02_east/working-car-115__e115jgkn1.png
JR東日本,*上沼垂牽引車,*Working car 115,f/e115jgkn.png,jr_icons/02_east/working-car-115__e115jgkn.png
JR東日本,,訓練車,f/e115skkn.png,jr_icons/02_east/untitled__e115skkn.png
JR東日本,,訓練車,f/e115sukn.png,jr_icons/02_east/untitled__e115sukn.png
JR東日本,,訓練車,f/e115sukn2.png,jr_icons/02_east/untitled__e115sukn2.png
JR東日本,,訓練車,f/e115shkn.png,jr_icons/02_east/untitled__e115shkn.png
JR東日本,,訓練車,f/e115shkn2.png,jr_icons/02_east/untitled__e115shkn2.png
JR東日本,,訓練車,f/e455kn.png,jr_icons/02_east/untitled__e455kn.png
JR東日本,,訓練車,f/j58jg.png,jr_icons/02_east/untitled__j58jg.png
JR東日本,*訓練車,*Working car,f/e103grkn.png,jr_icons/02_east/working-car__e103grkn.png
JR東日本,*訓練車,*Working car,f/e105krkn.png,jr_icons/02_east/working-car__e105krkn.png
JR東日本,*訓練車,*Working car,f/e103blkn.png,jr_icons/02_east/working-car__e103blkn.png
JR東日本,*訓練車,*Working car,f/e103orlkn.png,jr_icons/02_east/working-car__e103orlkn.png
JR東日本,*訓練車,*Working car,f/e103orkn.png,jr_icons/02_east/working-car__e103orkn.png
JR東日本,*訓練車,*Working car,f/e105htkn.png,jr_icons/02_east/working-car__e105htkn.png
JR東日本,*小海/マザーグース,*Koumi line,f/e52kum1.png,jr_icons/02_east/koumi-line__e52kum1.png
JR東日本,*小海/マザーグース,*Koumi line,f/e52kum2.png,jr_icons/02_east/koumi-line__e52kum2.png
JR東日本,*小海/マザーグース,*Koumi line,f/e52kum3.png,jr_icons/02_east/koumi-line__e52kum3.png
JR東日本,*小海/マザーグース,*Koumi line,f/e52kum.png,jr_icons/02_east/koumi-line__e52kum.png
JR東日本,*小海/マザーグース,*Koumi line,f/e50jmg.png,jr_icons/02_east/koumi-line__e50jmg.png
JR東日本,*小海/マザーグース,*Koumi line,f/e12jmg.png,jr_icons/02_east/koumi-line__e12jmg.png
JR東日本,各種機関車,EF64/81/DD51,f/ef64bw.png,jr_icons/02_east/ef64-81-dd51__ef64bw.png
JR東日本,各種機関車,EF64/81/DD51,f/ef64br.png,jr_icons/02_east/ef64-81-dd51__ef64br.png
JR東日本,各種機関車,EF64/81/DD51,f/ef64e.png,jr_icons/02_east/ef64-81-dd51__ef64e.png
JR東日本,各種機関車,EF64/81/DD51,f/ef81e.png,jr_icons/02_east/ef64-81-dd51__ef81e.png
JR東日本,大宮工場,Working Car,f/dd16omy4.png,jr_icons/02_east/working-car__dd16omy4.png
JR東日本,大宮工場,Working Car,f/dd16omy5.png,jr_icons/02_east/working-car__dd16omy5.png
JR東日本,大宮工場,Working Car,f/dd16omy6.png,jr_icons/02_east/working-car__dd16omy6.png
JR東日本,大宮工場,Working Car,f/de16omy1.png,jr_icons/02_east/working-car__de16omy1.png
JR東日本,大宮工場,Working Car,f/de16omy2.png,jr_icons/02_east/working-car__de16omy2.png
JR東日本,大宮工場,Working Car,f/de16omy3.png,jr_icons/02_east/working-car__de16omy3.png
JR東日本,*訓練車,*Working car,f/e103jgkm.png,jr_icons/02_east/working-car__e103jgkm.png
JR東日本,*訓練車,*Working car,f/e103jgkmk.png,jr_icons/02_east/working-car__e103jgkmk.png
JR東日本,*訓練車,*Working car,f/e145jgkm.png,jr_icons/02_east/working-car__e145jgkm.png
JR東日本,*訓練車,*Working car,f/e101jgom.png,jr_icons/02_east/working-car__e101jgom.png
JR東日本,*訓練車,*Working car,f/e101jgom1.png,jr_icons/02_east/working-car__e101jgom1.png
JR東日本,*訓練車,*Working car,f/e103omkn.png,jr_icons/02_east/working-car__e103omkn.png
JR東日本,*訓練車,*Working car,f/e103omknl.png,jr_icons/02_east/working-car__e103omknl.png
JR東日本,MCR600除雪機械,motor car,f/e600mcr_mr.png,jr_icons/02_east/motor-car__e600mcr-mr.png
JR東日本,MCR600除雪機械,motor car,f/e600mcr_pr.png,jr_icons/02_east/motor-car__e600mcr-pr.png
JR東日本,MCR600除雪機械,motor car,f/e600mcr_yr.png,jr_icons/02_east/motor-car__e600mcr-yr.png
JR東日本,*アメリカンﾄﾚｲﾝ,*American train,f/ef60amtr.png,jr_icons/02_east/american-train__ef60amtr.png
JR東日本,*アメリカンﾄﾚｲﾝ,*American train,f/j50am.png,jr_icons/02_east/american-train__j50am.png
JR東日本,*品川999展示塗装,*Shinagawa 999,f/e103br.png,jr_icons/02_east/shinagawa-999__e103br.png
JR東日本,*品川999展示塗装,*Shinagawa 999,f/e113br.png,jr_icons/02_east/shinagawa-999__e113br.png
JR東日本,大宮てっぱく,Omiya museum,f/e103tepk.png,jr_icons/02_east/omiya-museum__e103tepk.png
JR東日本,*高崎トロッコ,"*Takasaki trokko




<
	JR北海道
｜
	JR東海
>

	
	
	1
	2
	3
	4
	5
	6
	7
	8
	大


2025/1/10 Update",f/e90000tb.png,jr_icons/02_east/takasaki-trokko-jr-jr-1-2-3-4-5-6-7-8-2025-1-10-update__e90000tb.png
JR東日本,*高崎トロッコ,"*Takasaki trokko




<
	JR北海道
｜
	JR東海
>

	
	
	1
	2
	3
	4
	5
	6
	7
	8
	大


2025/1/10 Update",f/e90000tg.png,jr_icons/02_east/takasaki-trokko-jr-jr-1-2-3-4-5-6-7-8-2025-1-10-update__e90000tg.png
JR東日本,*高崎トロッコ,"*Takasaki trokko




<
	JR北海道
｜
	JR東海
>

	
	
	1
	2
	3
	4
	5
	6
	7
	8
	大


2025/1/10 Update",f/e90000tr.png,jr_icons/02_east/takasaki-trokko-jr-jr-1-2-3-4-5-6-7-8-2025-1-10-update__e90000tr.png
JR東日本,*高崎トロッコ,"*Takasaki trokko




<
	JR北海道
｜
	JR東海
>

	
	
	1
	2
	3
	4
	5
	6
	7
	8
	大


2025/1/10 Update",f/e90000tw.png,jr_icons/02_east/takasaki-trokko-jr-jr-1-2-3-4-5-6-7-8-2025-1-10-update__e90000tw.png
JR東海,ひだ南紀/★みえ,"Hida,Mie HC85/35",f/c85h.png,jr_icons/03_tokai/hida-mie-hc85-35__c85h.png
JR東海,ひだ南紀/★みえ,"Hida,Mie HC85/35",f/c35.png,jr_icons/03_tokai/hida-mie-hc85-35__c35.png
JR東海,★385/383しなの,Shinano,f/c385.png,jr_icons/03_tokai/shinano__c385.png
JR東海,★385/383しなの,Shinano,f/c383.png,jr_icons/03_tokai/shinano__c383.png
JR東海,★385/383しなの,Shinano,f/c383k.png,jr_icons/03_tokai/shinano__c383k.png
JR東海,★385/383しなの,Shinano,f/c383k_.png,jr_icons/03_tokai/shinano__c383k-1.png
JR東海,ふじかわ373,Shinano/ Fujikawa,f/c373.png,jr_icons/03_tokai/shinano-fujikawa__c373.png
JR東海,Dr.東海/線路運搬,Working car,f/c95.png,jr_icons/03_tokai/working-car__c95.png
JR東海,Dr.東海/線路運搬,Working car,f/c97.png,jr_icons/03_tokai/working-car__c97.png
JR東海,Dr.東海/線路運搬,Working car,f/c97-2.png,jr_icons/03_tokai/working-car__c97-2.png
JR東海,東海地区315,Tokai area,f/c315.png,jr_icons/03_tokai/tokai-area__c315.png
JR東海,東海地区315,Tokai area,f/c315k.png,jr_icons/03_tokai/tokai-area__c315k.png
JR東海,東海地区313,Tokai area,f/c313ce.png,jr_icons/03_tokai/tokai-area__c313ce.png
JR東海,東海地区313,Tokai area,f/c313p.png,jr_icons/03_tokai/tokai-area__c313p.png
JR東海,東海地区313,Tokai area,f/c313.png,jr_icons/03_tokai/tokai-area__c313.png
JR東海,東海地区313,Tokai area,f/c313hp.png,jr_icons/03_tokai/tokai-area__c313hp.png
JR東海,東海地区313,Tokai area,f/c313h.png,jr_icons/03_tokai/tokai-area__c313h.png
JR東海,みえ/高山線75,Tokai area,f/c75s.png,jr_icons/03_tokai/tokai-area__c75s.png
JR東海,みえ/高山線75,Tokai area,f/c75os.png,jr_icons/03_tokai/tokai-area__c75os.png
JR東海,みえ/高山線75,Tokai area,f/c75.png,jr_icons/03_tokai/tokai-area__c75.png
JR東海,みえ/高山線75,Tokai area,f/c75o.png,jr_icons/03_tokai/tokai-area__c75o.png
JR東海,三重岐阜地区25/11,"Tokai area
過去車両(JR型)",f/c25.png,jr_icons/03_tokai/tokai-area-jr__c25.png
JR東海,三重岐阜地区25/11,"Tokai area
過去車両(JR型)",f/c25-1.png,jr_icons/03_tokai/tokai-area-jr__c25-1.png
JR東海,三重岐阜地区25/11,"Tokai area
過去車両(JR型)",f/c25-2.png,jr_icons/03_tokai/tokai-area-jr__c25-2.png
JR東海,三重岐阜地区25/11,"Tokai area
過去車両(JR型)",f/c11nsk.png,jr_icons/03_tokai/tokai-area-jr__c11nsk.png
JR東海,*あさぎり371,*Asagiri,f/c371.png,jr_icons/03_tokai/asagiri__c371.png
JR東海,*ひだ/ 南紀85,*Hida/ Nanki,f/c85.png,jr_icons/03_tokai/hida-nanki__c85.png
JR東海,*ひだ/ 南紀85,*Hida/ Nanki,f/c85s.png,jr_icons/03_tokai/hida-nanki__c85s.png
JR東海,*ひだ/ 南紀85,*Hida/ Nanki,f/c85na.png,jr_icons/03_tokai/hida-nanki__c85na.png
JR東海,,*東海各線311,f/c311sn.png,jr_icons/03_tokai/311__c311sn.png
JR東海,,*東海各線311,f/c311n.png,jr_icons/03_tokai/311__c311n.png
JR東海,,*東海各線311,f/c311.png,jr_icons/03_tokai/311__c311.png
JR東海,,*東海各線311,f/c311s.png,jr_icons/03_tokai/311__c311s.png
JR東海,*三重岐阜地区11,*Tokai area,f/c11n.png,jr_icons/03_tokai/tokai-area__c11n.png
JR東海,*三重岐阜地区11,*Tokai area,f/c11.png,jr_icons/03_tokai/tokai-area__c11.png
JR東海,*三重岐阜地区11,*Tokai area,f/c11-2.png,jr_icons/03_tokai/tokai-area__c11-2.png
JR東海,知多酢トーリー,"Taketoyo line
過去車両(国鉄型)",f/c313bb.png,jr_icons/03_tokai/taketoyo-line__c313bb.png
JR東海,*しなの381,*Shinano,f/c381n.png,jr_icons/03_tokai/shinano__c381n.png
JR東海,*東海地区211/213,*Tokai area,f/c211-0.png,jr_icons/03_tokai/tokai-area__c211-0.png
JR東海,*東海地区211/213,*Tokai area,f/c211sn1.png,jr_icons/03_tokai/tokai-area__c211sn1.png
JR東海,*東海地区211/213,*Tokai area,f/c211n1.png,jr_icons/03_tokai/tokai-area__c211n1.png
JR東海,*東海地区211/213,*Tokai area,f/c211.png,jr_icons/03_tokai/tokai-area__c211.png
JR東海,*東海地区211/213,*Tokai area,f/c211s.png,jr_icons/03_tokai/tokai-area__c211s.png
JR東海,*東海地区211/213,*Tokai area,f/c211j0.png,jr_icons/03_tokai/tokai-area__c211j0.png
JR東海,*東海地区211/213,*Tokai area,f/c211jn0.png,jr_icons/03_tokai/tokai-area__c211jn0.png
JR東海,*みえ/東海地区,*Tokai area,f/c40s.png,jr_icons/03_tokai/tokai-area__c40s.png
JR東海,*みえ/東海地区,*Tokai area,f/c40.png,jr_icons/03_tokai/tokai-area__c40.png
JR東海,*みえ/東海地区,*Tokai area,f/c40jnr.png,jr_icons/03_tokai/tokai-area__c40jnr.png
JR東海,*みえ/東海地区,*Tokai area,f/c58.png,jr_icons/03_tokai/tokai-area__c58.png
JR東海,*みえ/東海地区,*Tokai area,f/c65.png,jr_icons/03_tokai/tokai-area__c65.png
JR東海,*みえ/東海地区,*Tokai area,f/c65mie.png,jr_icons/03_tokai/tokai-area__c65mie.png
JR東海,*みえ/東海地区,*Tokai area,f/c58mie.png,jr_icons/03_tokai/tokai-area__c58mie.png
JR東海,*飯田線,*Iida line 119,f/c119b.png,jr_icons/03_tokai/iida-line-119__c119b.png
JR東海,*飯田線,*Iida line 119,f/c119c-1.png,jr_icons/03_tokai/iida-line-119__c119c-1.png
JR東海,*飯田線,*Iida line 119,f/c119c.png,jr_icons/03_tokai/iida-line-119__c119c.png
JR東海,*飯田線,*Iida line 119,f/c119p.png,jr_icons/03_tokai/iida-line-119__c119p.png
JR東海,*飯田線,*Iida line 119,f/c119.png,jr_icons/03_tokai/iida-line-119__c119.png
JR東海,*飯田線,*Iida line 119,f/c119_.png,jr_icons/03_tokai/iida-line-119__c119-1.png
JR東海,*するがシャトル/中央,*Tokai area,f/c119sr.png,jr_icons/03_tokai/tokai-area__c119sr.png
JR東海,*するがシャトル/中央,*Tokai area,f/c103s.png,jr_icons/03_tokai/tokai-area__c103s.png
JR東海,*するがシャトル/中央,*Tokai area,f/c103.png,jr_icons/03_tokai/tokai-area__c103.png
JR東海,*身延線,Minobu Line,f/c123.png,jr_icons/03_tokai/minobu-line__c123.png
JR東海,*身延線,Minobu Line,f/c123k.png,jr_icons/03_tokai/minobu-line__c123k.png
JR東海,*身延線,Minobu Line,f/c123mnb.png,jr_icons/03_tokai/minobu-line__c123mnb.png
JR東海,*身延線,Minobu Line,f/c123k1.png,jr_icons/03_tokai/minobu-line__c123k1.png
JR東海,*身延線,Minobu Line,f/c123a.png,jr_icons/03_tokai/minobu-line__c123a.png
JR東海,*身延線,Minobu Line,f/c123mnb2.png,jr_icons/03_tokai/minobu-line__c123mnb2.png
JR東海,*各線/身延,*Tokai area,f/c113d.png,jr_icons/03_tokai/tokai-area__c113d.png
JR東海,*各線/身延,*Tokai area,f/c115.png,jr_icons/03_tokai/tokai-area__c115.png
JR東海,*各線/身延,*Tokai area,f/c115d.png,jr_icons/03_tokai/tokai-area__c115d.png
JR東海,*各線/身延,*Tokai area,f/c113.png,jr_icons/03_tokai/tokai-area__c113.png
JR東海,*各線/身延,*Tokai area,f/c115mb70.png,jr_icons/03_tokai/tokai-area__c115mb70.png
JR東海,*各線/身延,*Tokai area,f/c115mb71.png,jr_icons/03_tokai/tokai-area__c115mb71.png
JR東海,*東海道線,*Tokai area,f/c117.png,jr_icons/03_tokai/tokai-area__c117.png
JR東海,*東海道線,*Tokai area,f/c117o.png,jr_icons/03_tokai/tokai-area__c117o.png
JR東海,*東海道線,*Tokai area,f/c117b.png,jr_icons/03_tokai/tokai-area__c117b.png
JR東海,*ユーロL/ナコ座,*Euro Liner,f/ef65jeuro.png,jr_icons/03_tokai/euro-liner__ef65jeuro.png
JR東海,*ユーロL/ナコ座,*Euro Liner,f/ef64jeuro.png,jr_icons/03_tokai/euro-liner__ef64jeuro.png
JR東海,*ユーロL/ナコ座,*Euro Liner,f/dd51jeuro.png,jr_icons/03_tokai/euro-liner__dd51jeuro.png
JR東海,*ユーロL/ナコ座,*Euro Liner,f/c14jeuro.png,jr_icons/03_tokai/euro-liner__c14jeuro.png
JR東海,*ユーロL/ナコ座,*Euro Liner,f/c12jeuro.png,jr_icons/03_tokai/euro-liner__c12jeuro.png
JR東海,*ユーロL/ナコ座,*Euro Liner,f/c12jnakz.png,jr_icons/03_tokai/euro-liner__c12jnakz.png
JR東海,*リゾートライナー,Resort liner,f/c82jrzlr.png,jr_icons/03_tokai/resort-liner__c82jrzlr.png
JR東海,*リゾートライナー,Resort liner,f/c82jrzly.png,jr_icons/03_tokai/resort-liner__c82jrzly.png
JR東海,*リゾートライナー,Resort liner,f/c82jrlr.png,jr_icons/03_tokai/resort-liner__c82jrlr.png
JR東海,*リゾートライナー,Resort liner,f/c82jrly.png,jr_icons/03_tokai/resort-liner__c82jrly.png
JR東海,*ゆうゆう東海,*トロッコファミリー,f/c165jyuyu.png,jr_icons/03_tokai/untitled__c165jyuyu.png
JR東海,*ゆうゆう東海,*トロッコファミリー,f/c17tb.png,jr_icons/03_tokai/untitled__c17tb.png
JR東海,*ゆうゆう東海,*トロッコファミリー,f/c17tr.png,jr_icons/03_tokai/untitled__c17tr.png
JR東海,*ゆうゆう東海,*トロッコファミリー,f/c17ktb.png,jr_icons/03_tokai/untitled__c17ktb.png
JR東海,*浜松工場,*ED62 Hamamatsu,f/ed62hmmt.png,jr_icons/03_tokai/ed62-hamamatsu__ed62hmmt.png
JR東海,VVVF試験車,佐久間レールパーク66,f/c103vf.png,jr_icons/03_tokai/66__c103vf.png
JR東海,VVVF試験車,佐久間レールパーク66,f/c66skm.png,jr_icons/03_tokai/66__c66skm.png
JR東海,*名古屋地区トロッコ,"*Nagoya area 90000





<
	JR東日本
｜
	JR西日本
>

	
	
	大


2025/9/5 Update",f/c90000tf.png,jr_icons/03_tokai/nagoya-area-90000-jr-jr-2025-9-5-update__c90000tf.png
JR西日本,くろしお復刻,Kuroshio 287,f/w287skr.png,jr_icons/04_west/kuroshio-287__w287skr.png
JR西日本,くろしお復刻,Kuroshio 287,f/w287krm.png,jr_icons/04_west/kuroshio-287__w287krm.png
JR西日本,いにしへ289,Inishie,f/w289k_ins.png,jr_icons/04_west/inishie__w289k-ins.png
JR西日本,京都Future train,former 681,f/w681ft.png,jr_icons/04_west/former-681__w681ft.png
JR西日本,まほろば683,Mahoroba,f/w289mhr.png,jr_icons/04_west/mahoroba__w289mhr.png
JR西日本,まほろば683,Mahoroba,f/w289mhs.png,jr_icons/04_west/mahoroba__w289mhs.png
JR西日本,やくも,Yakumo 273,f/w273.png,jr_icons/04_west/yakumo-273__w273.png
JR西日本,はなあかり189,Hana Akari,f/w189hnak.png,jr_icons/04_west/hana-akari__w189hnak.png
JR西日本,サンダーバード,Thunderbird,f/w683n.png,jr_icons/04_west/thunderbird__w683n.png
JR西日本,サンダーバード,Thunderbird,f/w681n.png,jr_icons/04_west/thunderbird__w681n.png
JR西日本,サンダーバード,Thunderbird,f/w683k4.png,jr_icons/04_west/thunderbird__w683k4.png
JR西日本,サンダーバード,Thunderbird,f/w683.png,jr_icons/04_west/thunderbird__w683.png
JR西日本,サンダーバード,Thunderbird,f/w681p.png,jr_icons/04_west/thunderbird__w681p.png
JR西日本,サンダーバード,Thunderbird,f/w681.png,jr_icons/04_west/thunderbird__w681.png
JR西日本,サンダーバード,Thunderbird,f/w683k.png,jr_icons/04_west/thunderbird__w683k.png
JR西日本,サンダーバード,Thunderbird,f/w681k.png,jr_icons/04_west/thunderbird__w681k.png
JR西日本,サンダーバード,Thunderbird,f/w683k_.png,jr_icons/04_west/thunderbird__w683k-1.png
JR西日本,しらさぎRN,Shirasagi,f/w683ksrn.png,jr_icons/04_west/shirasagi__w683ksrn.png
JR西日本,しらさぎRN,Shirasagi,f/w683ksrn_.png,jr_icons/04_west/shirasagi__w683ksrn-1.png
JR西日本,しらさぎRN,Shirasagi,f/w683srn.png,jr_icons/04_west/shirasagi__w683srn.png
JR西日本,しらさぎ(Hid灯),Shirasagi 683,f/w683-8.png,jr_icons/04_west/shirasagi-683__w683-8.png
JR西日本,しらさぎ(Hid灯),Shirasagi 683,f/w683k8.png,jr_icons/04_west/shirasagi-683__w683k8.png
JR西日本,サンガトレイン,Kinosaki 287,f/w287v1.png,jr_icons/04_west/kinosaki-287__w287v1.png
JR西日本,こうのとり/くろしお,Konotori,f/w287k.png,jr_icons/04_west/konotori__w287k.png
JR西日本,こうのとり/くろしお,Konotori,f/w287pd2.png,jr_icons/04_west/konotori__w287pd2.png
JR西日本,こうのとり/くろしお,Konotori,f/w287.png,jr_icons/04_west/konotori__w287.png
JR西日本,こうのとり/くろしお,Konotori,f/w287_.png,jr_icons/04_west/konotori__w287-1.png
JR西日本,くろしお,Kuroshio,f/w283.png,jr_icons/04_west/kuroshio__w283.png
JR西日本,くろしお,Kuroshio,f/w283k.png,jr_icons/04_west/kuroshio__w283k.png
JR西日本,くろしお,Kuroshio,f/w283k_.png,jr_icons/04_west/kuroshio__w283k-1.png
JR西日本,はるか,Haruka,f/w281.png,jr_icons/04_west/haruka__w281.png
JR西日本,はるか,Haruka,f/w281kt.png,jr_icons/04_west/haruka__w281kt.png
JR西日本,はるか,Haruka,f/w271.png,jr_icons/04_west/haruka__w271.png
JR西日本,こうのとり,Kounotori 289,f/w289kani.png,jr_icons/04_west/kounotori-289__w289kani.png
JR西日本,こうのとり,Kounotori 289,f/w289kkani.png,jr_icons/04_west/kounotori-289__w289kkani.png
JR西日本,こうのとり,Kounotori 289,f/w289g.png,jr_icons/04_west/kounotori-289__w289g.png
JR西日本,こうのとり,Kounotori 289,f/w289kg.png,jr_icons/04_west/kounotori-289__w289kg.png
JR西日本,山陰特急/はまかぜ,Sanin area,f/w187.png,jr_icons/04_west/sanin-area__w187.png
JR西日本,山陰特急/はまかぜ,Sanin area,f/w189.png,jr_icons/04_west/sanin-area__w189.png
JR西日本,サンライズ/TW瑞風,Sunrise Exp/Mizukaze,f/w285.png,jr_icons/04_west/sunrise-exp-mizukaze__w285.png
JR西日本,サンライズ/TW瑞風,Sunrise Exp/Mizukaze,f/w285_.png,jr_icons/04_west/sunrise-exp-mizukaze__w285-1.png
JR西日本,サンライズ/TW瑞風,Sunrise Exp/Mizukaze,f/w87.png,jr_icons/04_west/sunrise-exp-mizukaze__w87.png
JR西日本,ウエストエクスプレス銀河,West exp. Ginga,f/w117wex.png,jr_icons/04_west/west-exp-ginga__w117wex.png
JR西日本,花嫁のれん/べるもんた,Hokuriku area,f/w40jnrn.png,jr_icons/04_west/hokuriku-area__w40jnrn.png
JR西日本,花嫁のれん/べるもんた,Hokuriku area,f/w40jbel.png,jr_icons/04_west/hokuriku-area__w40jbel.png
JR西日本,ラッセル気動車,Working car,f/w143.png,jr_icons/04_west/working-car__w143.png
JR西日本,ラッセル気動車,Working car,f/w143k.png,jr_icons/04_west/working-car__w143k.png
JR西日本,事業用車DEC743,Working car,f/w743.png,jr_icons/04_west/working-car__w743.png
JR西日本,○○のはなし/あめつち,"Chugoku area
過去車両",f/w40oog.png,jr_icons/04_west/chugoku-area__w40oog.png
JR西日本,○○のはなし/あめつち,"Chugoku area
過去車両",f/w40oor.png,jr_icons/04_west/chugoku-area__w40oor.png
JR西日本,○○のはなし/あめつち,"Chugoku area
過去車両",f/w40amtc.png,jr_icons/04_west/chugoku-area__w40amtc.png
JR西日本,*瀬戸内MV/みすゞ潮彩,*Marine View/*Misuzu,f/w40jsmv.png,jr_icons/04_west/marine-view-misuzu__w40jsmv.png
JR西日本,*瀬戸内MV/みすゞ潮彩,*Marine View/*Misuzu,f/w40msz.png,jr_icons/04_west/marine-view-misuzu__w40msz.png
JR西日本,検測車/ユーテック,Measureing car,f/w141jg.png,jr_icons/04_west/measureing-car__w141jg.png
JR西日本,検測車/ユーテック,Measureing car,f/w741.png,jr_icons/04_west/measureing-car__w741.png
JR西日本,検測車/ユーテック,Measureing car,f/w223utec.png,jr_icons/04_west/measureing-car__w223utec.png
JR西日本,検測車/ユーテック,Measureing car,f/w213utec.png,jr_icons/04_west/measureing-car__w213utec.png
JR西日本,*あすか/*SCなにわ,Asuka/Naniwa,f/w12jask.png,jr_icons/04_west/asuka-naniwa__w12jask.png
JR西日本,*あすか/*SCなにわ,Asuka/Naniwa,f/w14jnanw0.png,jr_icons/04_west/asuka-naniwa__w14jnanw0.png
JR西日本,*あすか/*SCなにわ,Asuka/Naniwa,f/w14jnanw.png,jr_icons/04_west/asuka-naniwa__w14jnanw.png
JR西日本,,slやまぐち北びわこ,f/w12jygp.png,jr_icons/04_west/sl__w12jygp.png
JR西日本,,slやまぐち北びわこ,f/w12jyg.png,jr_icons/04_west/sl__w12jyg.png
JR西日本,,slやまぐち北びわこ,f/w12jyg2.png,jr_icons/04_west/sl__w12jyg2.png
JR西日本,,slやまぐち北びわこ,f/c57ym.png,jr_icons/04_west/sl__c57ym.png
JR西日本,,slやまぐち北びわこ,f/w35.png,jr_icons/04_west/sl__w35.png
JR西日本,,slやまぐち北びわこ,f/w35k.png,jr_icons/04_west/sl__w35k.png
JR西日本,*あかつき/日本海,"*Akatsuki, Nihonkai",f/w14rgt.png,jr_icons/04_west/akatsuki-nihonkai__w14rgt.png
JR西日本,*あかつき/日本海,"*Akatsuki, Nihonkai",f/w24dngs.png,jr_icons/04_west/akatsuki-nihonkai__w24dngs.png
JR西日本,*トワイライト,*Twilight Exp,f/ef65k_twe.png,jr_icons/04_west/twilight-exp__ef65k-twe.png
JR西日本,*トワイライト,*Twilight Exp,f/w24tw.png,jr_icons/04_west/twilight-exp__w24tw.png
JR西日本,*トワイライト,*Twilight Exp,f/w24dntw.png,jr_icons/04_west/twilight-exp__w24dntw.png
JR西日本,*トワイライト,*Twilight Exp,f/w24twk.png,jr_icons/04_west/twilight-exp__w24twk.png
JR西日本,*トワイライト,*Twilight Exp,f/ef65twe.png,jr_icons/04_west/twilight-exp__ef65twe.png
JR西日本,*トワイライト,*Twilight Exp,f/ef81twe2.png,jr_icons/04_west/twilight-exp__ef81twe2.png
JR西日本,*トワイライト,*Twilight Exp,f/ef65twe1.png,jr_icons/04_west/twilight-exp__ef65twe1.png
JR西日本,*トワイライト,*Twilight Exp,f/ef81twe.png,jr_icons/04_west/twilight-exp__ef81twe.png
JR西日本,*きたぐに/波動用,"*Kitaguni




<
	JR東海
｜
	JR四国
>

	
	
	1
	2
	3
	4
	5
	6
	7
	8
	大


2026/2/13 Update",f/w583.png,jr_icons/04_west/kitaguni-jr-jr-1-2-3-4-5-6-7-8-2026-2-13-update__w583.png
JR西日本,*きたぐに/波動用,"*Kitaguni




<
	JR東海
｜
	JR四国
>

	
	
	1
	2
	3
	4
	5
	6
	7
	8
	大


2026/2/13 Update",f/w583_.png,jr_icons/04_west/kitaguni-jr-jr-1-2-3-4-5-6-7-8-2026-2-13-update__w583-1.png
JR西日本,*きたぐに/波動用,"*Kitaguni




<
	JR東海
｜
	JR四国
>

	
	
	1
	2
	3
	4
	5
	6
	7
	8
	大


2026/2/13 Update",f/w583bl.png,jr_icons/04_west/kitaguni-jr-jr-1-2-3-4-5-6-7-8-2026-2-13-update__w583bl.png
JR西日本,*きたぐに/波動用,"*Kitaguni




<
	JR東海
｜
	JR四国
>

	
	
	1
	2
	3
	4
	5
	6
	7
	8
	大


2026/2/13 Update",f/w583bl_.png,jr_icons/04_west/kitaguni-jr-jr-1-2-3-4-5-6-7-8-2026-2-13-update__w583bl-1.png
JR西日本,東海道/山陽線,Tokaido Line,f/w223ms.png,jr_icons/04_west/tokaido-line__w223ms.png
JR西日本,東海道/山陽線,Tokaido Line,f/w223h1.png,jr_icons/04_west/tokaido-line__w223h1.png
JR西日本,東海道/山陽線,Tokaido Line,f/w223n1.png,jr_icons/04_west/tokaido-line__w223n1.png
JR西日本,東海道/山陽線,Tokaido Line,f/w223-2f.png,jr_icons/04_west/tokaido-line__w223-2f.png
JR西日本,東海道/山陽線,Tokaido Line,f/w223n2.png,jr_icons/04_west/tokaido-line__w223n2.png
JR西日本,東海道/山陽線,Tokaido Line,f/w223msp.png,jr_icons/04_west/tokaido-line__w223msp.png
JR西日本,東海道/山陽線,Tokaido Line,f/w223s.png,jr_icons/04_west/tokaido-line__w223s.png
JR西日本,東海道/山陽線,Tokaido Line,f/w223-2.png,jr_icons/04_west/tokaido-line__w223-2.png
JR西日本,東海道/山陽線,Tokaido Line,f/w223h2.png,jr_icons/04_west/tokaido-line__w223h2.png
JR西日本,東海道/山陽線,Tokaido Line,f/w223hp.png,jr_icons/04_west/tokaido-line__w223hp.png
JR西日本,東海道/山陽線,Tokaido Line,f/w223-1s1.png,jr_icons/04_west/tokaido-line__w223-1s1.png
JR西日本,関西地区,Kansai area,f/w221np.png,jr_icons/04_west/kansai-area__w221np.png
JR西日本,関西地区,Kansai area,f/w221n.png,jr_icons/04_west/kansai-area__w221n.png
JR西日本,関西地区,Kansai area,f/w221n1p.png,jr_icons/04_west/kansai-area__w221n1p.png
JR西日本,関西地区,Kansai area,f/w221n1.png,jr_icons/04_west/kansai-area__w221n1.png
JR西日本,LED種別表示,Kansai area,f/w221f.png,jr_icons/04_west/kansai-area__w221f.png
JR西日本,LED種別表示,Kansai area,f/w221f1.png,jr_icons/04_west/kansai-area__w221f1.png
JR西日本,LED種別表示,Kansai area,f/w207f.png,jr_icons/04_west/kansai-area__w207f.png
JR西日本,東西東海道福知山,JR Tozai line,f/w321.png,jr_icons/04_west/jr-tozai-line__w321.png
JR西日本,東西東海道福知山,JR Tozai line,f/w321p.png,jr_icons/04_west/jr-tozai-line__w321p.png
JR西日本,東西東海道福知山,JR Tozai line,f/w207nk.png,jr_icons/04_west/jr-tozai-line__w207nk.png
JR西日本,東西東海道福知山,JR Tozai line,f/w207np.png,jr_icons/04_west/jr-tozai-line__w207np.png
JR西日本,東西東海道福知山,JR Tozai line,f/w207y2p.png,jr_icons/04_west/jr-tozai-line__w207y2p.png
JR西日本,東西東海道福知山,JR Tozai line,f/w207y2k.png,jr_icons/04_west/jr-tozai-line__w207y2k.png
JR西日本,東西東海道福知山,JR Tozai line,f/w207y2.png,jr_icons/04_west/jr-tozai-line__w207y2.png
JR西日本,関西地区,Kansai area,f/w225.png,jr_icons/04_west/kansai-area__w225.png
JR西日本,関西地区,Kansai area,f/w225-6.png,jr_icons/04_west/kansai-area__w225-6.png
JR西日本,関西地区,Kansai area,f/w225-1.png,jr_icons/04_west/kansai-area__w225-1.png
JR西日本,関西地区,Kansai area,f/w225h.png,jr_icons/04_west/kansai-area__w225h.png
JR西日本,関西地区_幌付,Kansai area,f/w207y3p.png,jr_icons/04_west/kansai-area__w207y3p.png
JR西日本,関西地区_幌付,Kansai area,f/w207y3k.png,jr_icons/04_west/kansai-area__w207y3k.png
JR西日本,関西地区_幌付,Kansai area,f/w207n1p.png,jr_icons/04_west/kansai-area__w207n1p.png
JR西日本,関西地区_幌付,Kansai area,f/w207n1k.png,jr_icons/04_west/kansai-area__w207n1k.png
JR西日本,福知山線223-6,Fukuchiyama line,f/w223-6.png,jr_icons/04_west/fukuchiyama-line__w223-6.png
JR西日本,福知山線223-6,Fukuchiyama line,f/w223p6.png,jr_icons/04_west/fukuchiyama-line__w223p6.png
JR西日本,福知山線223-6,Fukuchiyama line,f/w223-6h.png,jr_icons/04_west/fukuchiyama-line__w223-6h.png
JR西日本,福知山線223-6,Fukuchiyama line,f/w223p6h.png,jr_icons/04_west/fukuchiyama-line__w223p6h.png
JR西日本,福知山線223-55,Fukuchiyama line,f/w223hs55.png,jr_icons/04_west/fukuchiyama-line__w223hs55.png
JR西日本,福知山線223-55,Fukuchiyama line,f/w223hsp55.png,jr_icons/04_west/fukuchiyama-line__w223hsp55.png
JR西日本,福知山線223-55,Fukuchiyama line,f/w223h55.png,jr_icons/04_west/fukuchiyama-line__w223h55.png
JR西日本,福知山線223-55,Fukuchiyama line,f/w223hp55.png,jr_icons/04_west/fukuchiyama-line__w223hp55.png
JR西日本,福知山線223-55,Fukuchiyama line,f/w223-55.png,jr_icons/04_west/fukuchiyama-line__w223-55.png
JR西日本,福知山線223-55,Fukuchiyama line,f/w223p55.png,jr_icons/04_west/fukuchiyama-line__w223p55.png
JR西日本,福知山地区復刻色113,Fukuchiyama area,f/w113fk053.png,jr_icons/04_west/fukuchiyama-area__w113fk053.png
JR西日本,福知山地区復刻色113,Fukuchiyama area,f/w113fk053p.png,jr_icons/04_west/fukuchiyama-area__w113fk053p.png
JR西日本,嵯峨野線森の京都号,Sagano line,f/w223mori.png,jr_icons/04_west/sagano-line__w223mori.png
JR西日本,お茶の京都,"Kansai area
過去車両",f/w120cha.png,jr_icons/04_west/kansai-area__w120cha.png
JR西日本,お茶の京都,"Kansai area
過去車両",f/w221cha.png,jr_icons/04_west/kansai-area__w221cha.png
JR西日本,*関西地区,*Kansai area,f/w221.png,jr_icons/04_west/kansai-area__w221.png
JR西日本,*関西地区,*Kansai area,f/w221-2.png,jr_icons/04_west/kansai-area__w221-2.png
JR西日本,*関西地区,*Kansai area,f/w221p2.png,jr_icons/04_west/kansai-area__w221p2.png
JR西日本,*東海道/山陽線,*Tokaido Line,f/w201nbls.png,jr_icons/04_west/tokaido-line__w201nbls.png
JR西日本,*東海道/山陽線,*Tokaido Line,f/w201bls.png,jr_icons/04_west/tokaido-line__w201bls.png
JR西日本,*東海道/山陽線,*Tokaido Line,f/w201.png,jr_icons/04_west/tokaido-line__w201.png
JR西日本,*東海道/山陽線,*Tokaido Line,f/w201nbl.png,jr_icons/04_west/tokaido-line__w201nbl.png
JR西日本,*東海道/山陽線,*Tokaido Line,f/w205nl.png,jr_icons/04_west/tokaido-line__w205nl.png
JR西日本,*東海道/山陽線,*Tokaido Line,f/w205n.png,jr_icons/04_west/tokaido-line__w205n.png
JR西日本,福知山地区,Fukuchiyama area,f/w115n1p.png,jr_icons/04_west/fukuchiyama-area__w115n1p.png
JR西日本,福知山地区,Fukuchiyama area,f/w115n1.png,jr_icons/04_west/fukuchiyama-area__w115n1.png
JR西日本,福知山地区,Fukuchiyama area,f/w115n65.png,jr_icons/04_west/fukuchiyama-area__w115n65.png
JR西日本,福知山地区,Fukuchiyama area,f/w113n76.png,jr_icons/04_west/fukuchiyama-area__w113n76.png
JR西日本,福知山地区,Fukuchiyama area,f/w113k53.png,jr_icons/04_west/fukuchiyama-area__w113k53.png
JR西日本,福知山地区,Fukuchiyama area,f/w113k53p.png,jr_icons/04_west/fukuchiyama-area__w113k53p.png
JR西日本,福知山地区,Fukuchiyama area,f/w113n.png,jr_icons/04_west/fukuchiyama-area__w113n.png
JR西日本,福知山地区,Fukuchiyama area,f/w115s65.png,jr_icons/04_west/fukuchiyama-area__w115s65.png
JR西日本,福知山地区,Fukuchiyama area,f/w115s65p.png,jr_icons/04_west/fukuchiyama-area__w115s65p.png
JR西日本,福知山湖西線/*,Fukuchiyama area,f/w115s65kg.png,jr_icons/04_west/fukuchiyama-area__w115s65kg.png
JR西日本,福知山湖西線/*,Fukuchiyama area,f/w115s65pkg.png,jr_icons/04_west/fukuchiyama-area__w115s65pkg.png
JR西日本,福知山湖西線/*,Fukuchiyama area,f/w117kg.png,jr_icons/04_west/fukuchiyama-area__w117kg.png
JR西日本,福知山湖西線/*,Fukuchiyama area,f/w113k53kg.png,jr_icons/04_west/fukuchiyama-area__w113k53kg.png
JR西日本,福知山湖西線/*,Fukuchiyama area,f/w113k53pkg.png,jr_icons/04_west/fukuchiyama-area__w113k53pkg.png
JR西日本,福知山湖西線/*,Fukuchiyama area,f/w113gnt.png,jr_icons/04_west/fukuchiyama-area__w113gnt.png
JR西日本,*福知山線113,*Fukuchiyama Line,f/w113fk.png,jr_icons/04_west/fukuchiyama-line__w113fk.png
JR西日本,*福知山線113,*Fukuchiyama Line,f/w113fk-b.png,jr_icons/04_west/fukuchiyama-line__w113fk-b.png
JR西日本,*福知山線113,*Fukuchiyama Line,f/w113fk-d.png,jr_icons/04_west/fukuchiyama-line__w113fk-d.png
JR西日本,*福知山線113,*Fukuchiyama Line,f/w113fk-c.png,jr_icons/04_west/fukuchiyama-line__w113fk-c.png
JR西日本,*福知山線113,*Fukuchiyama Line,f/w113fks.png,jr_icons/04_west/fukuchiyama-line__w113fks.png
JR西日本,*福知山線113,*Fukuchiyama Line,f/w113fk0-b.png,jr_icons/04_west/fukuchiyama-line__w113fk0-b.png
JR西日本,*福知山線113,*Fukuchiyama Line,f/w113fk0.png,jr_icons/04_west/fukuchiyama-line__w113fk0.png
JR西日本,*福知山線103/117,*Fukuchiyama Line,f/w103ye.png,jr_icons/04_west/fukuchiyama-line__w103ye.png
JR西日本,*福知山線103/117,*Fukuchiyama Line,f/w103yel.png,jr_icons/04_west/fukuchiyama-line__w103yel.png
JR西日本,*福知山線103/117,*Fukuchiyama Line,f/w117fk.png,jr_icons/04_west/fukuchiyama-line__w117fk.png
JR西日本,*福知山線113-38,*Fukuchiyama Line,f/w113fk2p.png,jr_icons/04_west/fukuchiyama-line__w113fk2p.png
JR西日本,*福知山線113-38,*Fukuchiyama Line,f/w113fk2.png,jr_icons/04_west/fukuchiyama-line__w113fk2.png
JR西日本,*福知山線113-38,*Fukuchiyama Line,f/w115n2.png,jr_icons/04_west/fukuchiyama-line__w115n2.png
JR西日本,*嵯峨野線,*Kansai area,f/w113sg.png,jr_icons/04_west/kansai-area__w113sg.png
JR西日本,*嵯峨野線,*Kansai area,f/w113sgt.png,jr_icons/04_west/kansai-area__w113sgt.png
JR西日本,*嵯峨野線,*Kansai area,f/w113sgtp.png,jr_icons/04_west/kansai-area__w113sgtp.png
JR西日本,*嵯峨野線,*Kansai area,f/w113shdt.png,jr_icons/04_west/kansai-area__w113shdt.png
JR西日本,*嵯峨野線,*Kansai area,f/w113sht.png,jr_icons/04_west/kansai-area__w113sht.png
JR西日本,*関西地区/和田岬,"Kansai area





<
	JR東海
｜
	JR四国
>

	
	
	1
	2
	3
	4
	5
	6
	7
	8
	大


2026/5/15 Update",f/w223-1.png,jr_icons/04_west/kansai-area-jr-jr-1-2-3-4-5-6-7-8-2026-5-15-update__w223-1.png
JR西日本,*関西地区/和田岬,"Kansai area





<
	JR東海
｜
	JR四国
>

	
	
	1
	2
	3
	4
	5
	6
	7
	8
	大


2026/5/15 Update",f/w223.png,jr_icons/04_west/kansai-area-jr-jr-1-2-3-4-5-6-7-8-2026-5-15-update__w223.png
JR西日本,*関西地区/和田岬,"Kansai area





<
	JR東海
｜
	JR四国
>

	
	
	1
	2
	3
	4
	5
	6
	7
	8
	大


2026/5/15 Update",f/w207p.png,jr_icons/04_west/kansai-area-jr-jr-1-2-3-4-5-6-7-8-2026-5-15-update__w207p.png
JR西日本,*関西地区/和田岬,"Kansai area





<
	JR東海
｜
	JR四国
>

	
	
	1
	2
	3
	4
	5
	6
	7
	8
	大


2026/5/15 Update",f/w207.png,jr_icons/04_west/kansai-area-jr-jr-1-2-3-4-5-6-7-8-2026-5-15-update__w207.png
JR西日本,*関西地区/和田岬,"Kansai area





<
	JR東海
｜
	JR四国
>

	
	
	1
	2
	3
	4
	5
	6
	7
	8
	大


2026/5/15 Update",f/w207-1.png,jr_icons/04_west/kansai-area-jr-jr-1-2-3-4-5-6-7-8-2026-5-15-update__w207-1.png
JR西日本,*関西地区/和田岬,"Kansai area





<
	JR東海
｜
	JR四国
>

	
	
	1
	2
	3
	4
	5
	6
	7
	8
	大


2026/5/15 Update",f/w207-2.png,jr_icons/04_west/kansai-area-jr-jr-1-2-3-4-5-6-7-8-2026-5-15-update__w207-2.png
JR西日本,*関西地区/和田岬,"Kansai area





<
	JR東海
｜
	JR四国
>

	
	
	1
	2
	3
	4
	5
	6
	7
	8
	大


2026/5/15 Update",f/w30wd.png,jr_icons/04_west/kansai-area-jr-jr-1-2-3-4-5-6-7-8-2026-5-15-update__w30wd.png
JR西日本,大阪環状線323,Osaka Loop-Line,f/w323or.png,jr_icons/04_west/osaka-loop-line__w323or.png
JR西日本,大阪環状線323,Osaka Loop-Line,f/w323m.png,jr_icons/04_west/osaka-loop-line__w323m.png
JR西日本,大阪環状線323,Osaka Loop-Line,f/w323expo.png,jr_icons/04_west/osaka-loop-line__w323expo.png
JR西日本,大和路線/奈良線,Kansai/Nara Line,f/w201ka1.png,jr_icons/04_west/kansai-nara-line__w201ka1.png
JR西日本,大和路線/奈良線,Kansai/Nara Line,f/w201ka2.png,jr_icons/04_west/kansai-nara-line__w201ka2.png
JR西日本,大和路線/奈良線,Kansai/Nara Line,f/w205hn2.png,jr_icons/04_west/kansai-nara-line__w205hn2.png
JR西日本,大和路線/奈良線,Kansai/Nara Line,f/w205hn1.png,jr_icons/04_west/kansai-nara-line__w205hn1.png
JR西日本,阪和/関空線,Hanwa line,f/w225-51.png,jr_icons/04_west/hanwa-line__w225-51.png
JR西日本,阪和/関空線,Hanwa line,f/w225h5.png,jr_icons/04_west/hanwa-line__w225h5.png
JR西日本,阪和/関空線,Hanwa line,f/w225-5.png,jr_icons/04_west/hanwa-line__w225-5.png
JR西日本,阪和/関空線,Hanwa line,f/w225-51a.png,jr_icons/04_west/hanwa-line__w225-51a.png
JR西日本,阪和/関空線,Hanwa line,f/w223kin.png,jr_icons/04_west/hanwa-line__w223kin.png
JR西日本,阪和/関空線,Hanwa line,f/w223kah.png,jr_icons/04_west/hanwa-line__w223kah.png
JR西日本,阪和/関空線,Hanwa line,f/w223kas.png,jr_icons/04_west/hanwa-line__w223kas.png
JR西日本,阪和/関空線,Hanwa line,f/w223kih.png,jr_icons/04_west/hanwa-line__w223kih.png
JR西日本,阪和/関空線,Hanwa line,f/w223kis.png,jr_icons/04_west/hanwa-line__w223kis.png
JR西日本,和歌山桜井線,Wakayama line,f/w227wk.png,jr_icons/04_west/wakayama-line__w227wk.png
JR西日本,和歌山桜井線,Wakayama line,f/w227wkp.png,jr_icons/04_west/wakayama-line__w227wkp.png
JR西日本,関西本線,"Kansai Line
過去車両",f/w120ka.png,jr_icons/04_west/kansai-line__w120ka.png
JR西日本,関西本線,"Kansai Line
過去車両",f/w120ka1.png,jr_icons/04_west/kansai-line__w120ka1.png
JR西日本,関西本線,"Kansai Line
過去車両",f/w120kan.png,jr_icons/04_west/kansai-line__w120kan.png
JR西日本,*大和路線,*Kansai Line,f/w103ka1t.png,jr_icons/04_west/kansai-line__w103ka1t.png
JR西日本,*大和路線,*Kansai Line,f/w201ka.png,jr_icons/04_west/kansai-line__w201ka.png
JR西日本,*大和路線,*Kansai Line,f/w201psnd.png,jr_icons/04_west/kansai-line__w201psnd.png
JR西日本,*大和路線,*Kansai Line,f/w103hka2.png,jr_icons/04_west/kansai-line__w103hka2.png
JR西日本,*大和路線,*Kansai Line,f/w103ka.png,jr_icons/04_west/kansai-line__w103ka.png
JR西日本,*大和路線,*Kansai Line,f/w103hka.png,jr_icons/04_west/kansai-line__w103hka.png
JR西日本,*大和路線,*Kansai Line,f/w103ka1.png,jr_icons/04_west/kansai-line__w103ka1.png
JR西日本,*大和路線,*Kansai Line,f/w103hka1.png,jr_icons/04_west/kansai-line__w103hka1.png
JR西日本,*大和路線,*Kansai Line,f/w103ka3.png,jr_icons/04_west/kansai-line__w103ka3.png
JR西日本,*大和路線,*Kansai Line,f/w103ka2.png,jr_icons/04_west/kansai-line__w103ka2.png
JR西日本,*大和路線,*Kansai Line,f/w103ug.png,jr_icons/04_west/kansai-line__w103ug.png
JR西日本,*関西線103,*Kansai line,f/w103kny1.png,jr_icons/04_west/kansai-line__w103kny1.png
JR西日本,*関西線103,*Kansai line,f/w103kny1c.png,jr_icons/04_west/kansai-line__w103kny1c.png
JR西日本,*関西線103,*Kansai line,f/w103kny2.png,jr_icons/04_west/kansai-line__w103kny2.png
JR西日本,*関西線103,*Kansai line,f/w103kny2c.png,jr_icons/04_west/kansai-line__w103kny2c.png
JR西日本,*関西線101,*Kansai line,f/w101kny1.png,jr_icons/04_west/kansai-line__w101kny1.png
JR西日本,*関西線101,*Kansai line,f/w101kny2.png,jr_icons/04_west/kansai-line__w101kny2.png
JR西日本,*大阪環状線,*Osaka Loop-Line,f/w201nor1.png,jr_icons/04_west/osaka-loop-line__w201nor1.png
JR西日本,*大阪環状線,*Osaka Loop-Line,f/w201nor.png,jr_icons/04_west/osaka-loop-line__w201nor.png
JR西日本,*大阪環状線,*Osaka Loop-Line,f/w201nors.png,jr_icons/04_west/osaka-loop-line__w201nors.png
JR西日本,*大阪環状線,*Osaka Loop-Line,f/w103or.png,jr_icons/04_west/osaka-loop-line__w103or.png
JR西日本,*大阪環状線,*Osaka Loop-Line,f/w103hor.png,jr_icons/04_west/osaka-loop-line__w103hor.png
JR西日本,*大阪環状線,*Osaka Loop-Line,f/w103or2t.png,jr_icons/04_west/osaka-loop-line__w103or2t.png
JR西日本,*大阪環状線,*Osaka Loop-Line,f/w103or1t.png,jr_icons/04_west/osaka-loop-line__w103or1t.png
JR西日本,*大阪環状線,*Osaka Loop-Line,f/w103or1.png,jr_icons/04_west/osaka-loop-line__w103or1.png
JR西日本,*ゆめ咲線,*Sakurajima Line,f/w103usj6.png,jr_icons/04_west/sakurajima-line__w103usj6.png
JR西日本,*ゆめ咲線,*Sakurajima Line,f/w103usj1.png,jr_icons/04_west/sakurajima-line__w103usj1.png
JR西日本,*ゆめ咲線,*Sakurajima Line,f/w103usj2.png,jr_icons/04_west/sakurajima-line__w103usj2.png
JR西日本,*ゆめ咲線,*Sakurajima Line,f/w103usj3.png,jr_icons/04_west/sakurajima-line__w103usj3.png
JR西日本,*ゆめ咲線,*Sakurajima Line,f/w103usj4.png,jr_icons/04_west/sakurajima-line__w103usj4.png
JR西日本,*ゆめ咲線,*Sakurajima Line,f/w103usj5.png,jr_icons/04_west/sakurajima-line__w103usj5.png
JR西日本,*阪和線,*Hanwa Line,f/w103hhn.png,jr_icons/04_west/hanwa-line__w103hhn.png
JR西日本,*阪和線,*Hanwa Line,f/w103bl.png,jr_icons/04_west/hanwa-line__w103bl.png
JR西日本,*阪和線,*Hanwa Line,f/w103hhn2.png,jr_icons/04_west/hanwa-line__w103hhn2.png
JR西日本,*阪和線,*Hanwa Line,f/w103bl1.png,jr_icons/04_west/hanwa-line__w103bl1.png
JR西日本,*阪和線,*Hanwa Line,f/w103bl1t.png,jr_icons/04_west/hanwa-line__w103bl1t.png
JR西日本,*阪和線,*Hanwa Line,f/w103bl2t.png,jr_icons/04_west/hanwa-line__w103bl2t.png
JR西日本,*阪和線,*Hanwa Line,f/w103bl2.png,jr_icons/04_west/hanwa-line__w103bl2.png
JR西日本,*阪和線,*Hanwa Line,f/w123hn.png,jr_icons/04_west/hanwa-line__w123hn.png
JR西日本,*阪和線,*Hanwa Line,f/w103hn2.png,jr_icons/04_west/hanwa-line__w103hn2.png
JR西日本,*阪和線,*Hanwa Line,f/w103hn3.png,jr_icons/04_west/hanwa-line__w103hn3.png
JR西日本,*阪和線,*Hanwa Line,f/w103hn1.png,jr_icons/04_west/hanwa-line__w103hn1.png
JR西日本,*阪和線,*Hanwa Line,f/w103hn.png,jr_icons/04_west/hanwa-line__w103hn.png
JR西日本,*阪和線,*Hanwa Line,f/w205tos.png,jr_icons/04_west/hanwa-line__w205tos.png
JR西日本,*阪和線,*Hanwa Line,f/w223ka.png,jr_icons/04_west/hanwa-line__w223ka.png
JR西日本,*阪和線,*Hanwa Line,f/w223ki.png,jr_icons/04_west/hanwa-line__w223ki.png
JR西日本,*阪和線,*Hanwa Line,f/w113hndt.png,jr_icons/04_west/hanwa-line__w113hndt.png
JR西日本,*阪和線,*Hanwa Line,f/w205to.png,jr_icons/04_west/hanwa-line__w205to.png
JR西日本,*阪和線,*Hanwa Line,f/w205hns.png,jr_icons/04_west/hanwa-line__w205hns.png
JR西日本,*阪和線,*Hanwa Line,f/w205hn.png,jr_icons/04_west/hanwa-line__w205hn.png
JR西日本,*阪和線,*Hanwa Line,f/w113hn1t.png,jr_icons/04_west/hanwa-line__w113hn1t.png
JR西日本,*紀勢線,*Kisei line,f/w117wm.png,jr_icons/04_west/kisei-line__w117wm.png
JR西日本,*紀勢線,*Kisei line,f/w117ks.png,jr_icons/04_west/kisei-line__w117ks.png
JR西日本,*紀勢線,*Kisei line,f/w113nwm.png,jr_icons/04_west/kisei-line__w113nwm.png
JR西日本,*紀勢線,*Kisei line,f/w113nks.png,jr_icons/04_west/kisei-line__w113nks.png
JR西日本,*紀勢線,*Kisei line,f/w105kpnd1.png,jr_icons/04_west/kisei-line__w105kpnd1.png
JR西日本,*紀勢線,*Kisei line,f/w105pnd1.png,jr_icons/04_west/kisei-line__w105pnd1.png
JR西日本,*紀勢線,*Kisei line,f/w113pnd1.png,jr_icons/04_west/kisei-line__w113pnd1.png
JR西日本,*紀勢線,*Kisei line,f/w113dpnd1.png,jr_icons/04_west/kisei-line__w113dpnd1.png
JR西日本,*和歌山線,*Wakayama line,f/w105tbm2p.png,jr_icons/04_west/wakayama-line__w105tbm2p.png
JR西日本,*和歌山線,*Wakayama line,f/w105tbm2m.png,jr_icons/04_west/wakayama-line__w105tbm2m.png
JR西日本,*和歌山線,*Wakayama line,f/w105tbm3.png,jr_icons/04_west/wakayama-line__w105tbm3.png
JR西日本,*和歌山線,*Wakayama line,f/w105snd.png,jr_icons/04_west/wakayama-line__w105snd.png
JR西日本,*和歌山線,*Wakayama line,f/w105tbm3k.png,jr_icons/04_west/wakayama-line__w105tbm3k.png
JR西日本,*和歌山線,*Wakayama line,f/w105tbm4.png,jr_icons/04_west/wakayama-line__w105tbm4.png
JR西日本,*和歌山線,*Wakayama line,f/w105tbm4k.png,jr_icons/04_west/wakayama-line__w105tbm4k.png
JR西日本,*和歌山線,*Wakayama line,f/w105snd2.png,jr_icons/04_west/wakayama-line__w105snd2.png
JR西日本,*和歌山線,*Wakayama Line,f/w105lwm.png,jr_icons/04_west/wakayama-line__w105lwm.png
JR西日本,*和歌山線,*Wakayama Line,f/w105lwm1.png,jr_icons/04_west/wakayama-line__w105lwm1.png
JR西日本,*和歌山線,*Wakayama Line,f/w105wmp.png,jr_icons/04_west/wakayama-line__w105wmp.png
JR西日本,*和歌山線,*Wakayama Line,f/w105wm.png,jr_icons/04_west/wakayama-line__w105wm.png
JR西日本,*和歌山線,*Wakayama Line,f/w105wm1.png,jr_icons/04_west/wakayama-line__w105wm1.png
JR西日本,*和歌山線,*Wakayama Line,f/w105tbm1.png,jr_icons/04_west/wakayama-line__w105tbm1.png
JR西日本,*和歌山線,*Wakayama Line,f/w105nks.png,jr_icons/04_west/wakayama-line__w105nks.png
JR西日本,*和歌山桜井線,"*Wakayama line





<
	JR東海
｜
	JR四国
>

	
	
	1
	2
	3
	4
	5
	6
	7
	8
	大


2025/10/26 Update",f/w105lwk.png,jr_icons/04_west/wakayama-line-jr-jr-1-2-3-4-5-6-7-8-2025-10-26-update__w105lwk.png
JR西日本,*和歌山桜井線,"*Wakayama line





<
	JR東海
｜
	JR四国
>

	
	
	1
	2
	3
	4
	5
	6
	7
	8
	大


2025/10/26 Update",f/w105lwk1.png,jr_icons/04_west/wakayama-line-jr-jr-1-2-3-4-5-6-7-8-2025-10-26-update__w105lwk1.png
JR西日本,*和歌山桜井線,"*Wakayama line





<
	JR東海
｜
	JR四国
>

	
	
	1
	2
	3
	4
	5
	6
	7
	8
	大


2025/10/26 Update",f/w105lwk2.png,jr_icons/04_west/wakayama-line-jr-jr-1-2-3-4-5-6-7-8-2025-10-26-update__w105lwk2.png
JR西日本,*和歌山桜井線,"*Wakayama line





<
	JR東海
｜
	JR四国
>

	
	
	1
	2
	3
	4
	5
	6
	7
	8
	大


2025/10/26 Update",f/w105olwk.png,jr_icons/04_west/wakayama-line-jr-jr-1-2-3-4-5-6-7-8-2025-10-26-update__w105olwk.png
JR西日本,*和歌山桜井線,"*Wakayama line





<
	JR東海
｜
	JR四国
>

	
	
	1
	2
	3
	4
	5
	6
	7
	8
	大


2025/10/26 Update",f/w105wk1.png,jr_icons/04_west/wakayama-line-jr-jr-1-2-3-4-5-6-7-8-2025-10-26-update__w105wk1.png
JR西日本,*和歌山桜井線,"*Wakayama line





<
	JR東海
｜
	JR四国
>

	
	
	1
	2
	3
	4
	5
	6
	7
	8
	大


2025/10/26 Update",f/w105wk.png,jr_icons/04_west/wakayama-line-jr-jr-1-2-3-4-5-6-7-8-2025-10-26-update__w105wk.png
JR西日本,*和歌山桜井線,"*Wakayama line





<
	JR東海
｜
	JR四国
>

	
	
	1
	2
	3
	4
	5
	6
	7
	8
	大


2025/10/26 Update",f/w105wk2.png,jr_icons/04_west/wakayama-line-jr-jr-1-2-3-4-5-6-7-8-2025-10-26-update__w105wk2.png
JR西日本,*和歌山桜井線,"*Wakayama line





<
	JR東海
｜
	JR四国
>

	
	
	1
	2
	3
	4
	5
	6
	7
	8
	大


2025/10/26 Update",f/w105owk.png,jr_icons/04_west/wakayama-line-jr-jr-1-2-3-4-5-6-7-8-2025-10-26-update__w105owk.png
JR西日本,山口地区227,Yamaguchi area,f/w227ym.png,jr_icons/04_west/yamaguchi-area__w227ym.png
JR西日本,岡山地区227/213,Okayama area,f/w227ok.png,jr_icons/04_west/okayama-area__w227ok.png
JR西日本,岡山地区227/213,Okayama area,f/w227okp.png,jr_icons/04_west/okayama-area__w227okp.png
JR西日本,岡山地区227/213,Okayama area,f/w213k.png,jr_icons/04_west/okayama-area__w213k.png
JR西日本,岡山地区227/213,Okayama area,f/w213nk.png,jr_icons/04_west/okayama-area__w213nk.png
JR西日本,岡山地区227/213,Okayama area,f/w213n.png,jr_icons/04_west/okayama-area__w213n.png
JR西日本,岡山地区227/213,Okayama area,f/w213expo.png,jr_icons/04_west/okayama-area__w213expo.png
JR西日本,Saku美Saku楽,Sakubisakura,f/w47sak.png,jr_icons/04_west/sakubisakura__w47sak.png
JR西日本,ラマルドボア,La Malle de Bois,f/w213w.png,jr_icons/04_west/la-malle-de-bois__w213w.png
JR西日本,エトセトラ,etSETOra,f/w40jhi.png,jr_icons/04_west/etsetora__w40jhi.png
JR西日本,広島地区/広電色,Hiroshima area,f/w227hi.png,jr_icons/04_west/hiroshima-area__w227hi.png
JR西日本,広島地区/広電色,Hiroshima area,f/w227himx.png,jr_icons/04_west/hiroshima-area__w227himx.png
JR西日本,マリンライナー,Okayama Area,f/w223-5m.png,jr_icons/04_west/okayama-area__w223-5m.png
JR西日本,マリンライナー,Okayama Area,f/w223-5m2.png,jr_icons/04_west/okayama-area__w223-5m2.png
JR西日本,福塩線,Fukuen line,f/w105hy.png,jr_icons/04_west/fukuen-line__w105hy.png
JR西日本,福塩線,Fukuen line,f/w105hy3.png,jr_icons/04_west/fukuen-line__w105hy3.png
JR西日本,福塩線,Fukuen line,f/w105hy2.png,jr_icons/04_west/fukuen-line__w105hy2.png
JR西日本,福塩線,Fukuen line,f/w105hy1.png,jr_icons/04_west/fukuen-line__w105hy1.png
JR西日本,下関地区,Yamaguchi area,f/w115hy15.png,jr_icons/04_west/yamaguchi-area__w115hy15.png
JR西日本,下関地区,Yamaguchi area,f/w115hy15p.png,jr_icons/04_west/yamaguchi-area__w115hy15p.png
JR西日本,下関地区,Yamaguchi area,f/w115hy.png,jr_icons/04_west/yamaguchi-area__w115hy.png
JR西日本,下関地区,Yamaguchi area,f/w123hyp.png,jr_icons/04_west/yamaguchi-area__w123hyp.png
JR西日本,Setouchi train,"Sanyo line

過去車両",f/w115sett.png,jr_icons/04_west/sanyo-line__w115sett.png
JR西日本,山陽線,Sanyo line,f/w117hy.png,jr_icons/04_west/sanyo-line__w117hy.png
JR西日本,山陽線,Sanyo line,f/w117sn.png,jr_icons/04_west/sanyo-line__w117sn.png
JR西日本,山陽線,Sanyo line,f/w117pmt.png,jr_icons/04_west/sanyo-line__w117pmt.png
JR西日本,*下関地区115,*Sanyo line,f/w115nc.png,jr_icons/04_west/sanyo-line__w115nc.png
JR西日本,*下関地区115,*Sanyo line,f/w115hi4.png,jr_icons/04_west/sanyo-line__w115hi4.png
JR西日本,*下関地区115,*Sanyo line,f/w115hi5.png,jr_icons/04_west/sanyo-line__w115hi5.png
JR西日本,*下関地区115,*Sanyo line,f/w115n.png,jr_icons/04_west/sanyo-line__w115n.png
JR西日本,*下関地区115,*Sanyo line,f/w115hi15.png,jr_icons/04_west/sanyo-line__w115hi15.png
JR西日本,*下関地区115,*Sanyo line,f/w115hi15p.png,jr_icons/04_west/sanyo-line__w115hi15p.png
JR西日本,*下関地区115,*Sanyo line,f/w115hi5c.png,jr_icons/04_west/sanyo-line__w115hi5c.png
JR西日本,*下関地区115,*Sanyo line,f/w115hi5t.png,jr_icons/04_west/sanyo-line__w115hi5t.png
JR西日本,*下関地区115,*Sanyo line,f/w115s65k.png,jr_icons/04_west/sanyo-line__w115s65k.png
JR西日本,*下関地区115,*Sanyo line,f/w115s65kp.png,jr_icons/04_west/sanyo-line__w115s65kp.png
JR西日本,*下関地区115,*Sanyo line,f/w115s65t.png,jr_icons/04_west/sanyo-line__w115s65t.png
JR西日本,*下関地区115,*Sanyo line,f/w115s65tw.png,jr_icons/04_west/sanyo-line__w115s65tw.png
JR西日本,*伯備線/岡山地区,*Okayama area,f/w115n3y.png,jr_icons/04_west/okayama-area__w115n3y.png
JR西日本,*伯備線/岡山地区,*Okayama area,f/w115y16.png,jr_icons/04_west/okayama-area__w115y16.png
JR西日本,*伯備線/岡山地区,*Okayama area,f/w115hyl.png,jr_icons/04_west/okayama-area__w115hyl.png
JR西日本,*伯備線/岡山地区,*Okayama area,f/w115hykm.png,jr_icons/04_west/okayama-area__w115hykm.png
JR西日本,*伯備線/岡山地区,*Okayama area,f/w115n3.png,jr_icons/04_west/okayama-area__w115n3.png
JR西日本,*伯備線/岡山地区,*Okayama area,f/w115n3p.png,jr_icons/04_west/okayama-area__w115n3p.png
JR西日本,*伯備線/岡山地区,*Okayama area,f/w115-16.png,jr_icons/04_west/okayama-area__w115-16.png
JR西日本,*伯備線/岡山地区,*Okayama area,f/w115nl.png,jr_icons/04_west/okayama-area__w115nl.png
JR西日本,*伯備線/岡山地区,*Okayama area,f/w213.png,jr_icons/04_west/okayama-area__w213.png
JR西日本,*福塩/*下関地区,Sanyo area,f/w123sm.png,jr_icons/04_west/sanyo-area__w123sm.png
JR西日本,*福塩/*下関地区,Sanyo area,f/w123smw.png,jr_icons/04_west/sanyo-area__w123smw.png
JR西日本,*福塩/*下関地区,Sanyo area,f/w123smk.png,jr_icons/04_west/sanyo-area__w123smk.png
JR西日本,*福塩/*下関地区,Sanyo area,f/w123smkp.png,jr_icons/04_west/sanyo-area__w123smkp.png
JR西日本,*福塩/*下関地区,Sanyo area,f/w123sm0.png,jr_icons/04_west/sanyo-area__w123sm0.png
JR西日本,*福塩/*下関地区,Sanyo area,f/w123sm1.png,jr_icons/04_west/sanyo-area__w123sm1.png
JR西日本,*福塩/*下関地区,Sanyo area,f/w103hy2.png,jr_icons/04_west/sanyo-area__w103hy2.png
JR西日本,*福塩/*下関地区,Sanyo area,f/w105ofu.png,jr_icons/04_west/sanyo-area__w105ofu.png
JR西日本,*福塩/*下関地区,Sanyo area,f/w105fu.png,jr_icons/04_west/sanyo-area__w105fu.png
JR西日本,*福塩/*下関地区,Sanyo area,f/w105fu1.png,jr_icons/04_west/sanyo-area__w105fu1.png
JR西日本,*福塩/*下関地区,Sanyo area,f/w105fu2.png,jr_icons/04_west/sanyo-area__w105fu2.png
JR西日本,*広島地区,*Hiroshima area,f/w105hyk2.png,jr_icons/04_west/hiroshima-area__w105hyk2.png
JR西日本,*広島地区,*Hiroshima area,f/w105hyk.png,jr_icons/04_west/hiroshima-area__w105hyk.png
JR西日本,*広島地区,*Hiroshima area,f/w117hy1.png,jr_icons/04_west/hiroshima-area__w117hy1.png
JR西日本,*広島地区,*Hiroshima area,f/w115hytc.png,jr_icons/04_west/hiroshima-area__w115hytc.png
JR西日本,*山陽地区,*Sanyo Area,f/w115hi.png,jr_icons/04_west/sanyo-area__w115hi.png
JR西日本,*山陽地区,*Sanyo Area,f/w115hit.png,jr_icons/04_west/sanyo-area__w115hit.png
JR西日本,*山陽地区,*Sanyo Area,f/w115hitc.png,jr_icons/04_west/sanyo-area__w115hitc.png
JR西日本,*山陽地区,*Sanyo Area,f/w115hid.png,jr_icons/04_west/sanyo-area__w115hid.png
JR西日本,*山陽地区,*Sanyo Area,f/w113hid2.png,jr_icons/04_west/sanyo-area__w113hid2.png
JR西日本,*山陽地区,*Sanyo Area,f/w113hid3.png,jr_icons/04_west/sanyo-area__w113hid3.png
JR西日本,*山陽地区,*Sanyo Area,f/w115hiu.png,jr_icons/04_west/sanyo-area__w115hiu.png
JR西日本,*山陽地区,*Sanyo Area,f/w115hiud.png,jr_icons/04_west/sanyo-area__w115hiud.png
JR西日本,*山陽地区,*Sanyo Area,f/w103hhi.png,jr_icons/04_west/sanyo-area__w103hhi.png
JR西日本,*山陽地区,*Sanyo Area,f/w103hi2.png,jr_icons/04_west/sanyo-area__w103hi2.png
JR西日本,*山陽地区,*Sanyo Area,f/w103hi.png,jr_icons/04_west/sanyo-area__w103hi.png
JR西日本,*山陽地区,*Sanyo Area,f/w103hi3.png,jr_icons/04_west/sanyo-area__w103hi3.png
JR西日本,*可部線,*Kabe Line,f/w105hik.png,jr_icons/04_west/kabe-line__w105hik.png
JR西日本,*可部線,*Kabe Line,f/w105hik2.png,jr_icons/04_west/kabe-line__w105hik2.png
JR西日本,*可部線,*Kabe Line,f/w105hik1.png,jr_icons/04_west/kabe-line__w105hik1.png
JR西日本,*可部線,*Kabe Line,f/w103kb.png,jr_icons/04_west/kabe-line__w103kb.png
JR西日本,*可部線,*Kabe Line,f/w105hi.png,jr_icons/04_west/kabe-line__w105hi.png
JR西日本,*可部線,*Kabe Line,f/w105ohi.png,jr_icons/04_west/kabe-line__w105ohi.png
JR西日本,*可部線,*Kabe Line,f/w105hi3.png,jr_icons/04_west/kabe-line__w105hi3.png
JR西日本,*可部線,*Kabe Line,f/w105hi2.png,jr_icons/04_west/kabe-line__w105hi2.png
JR西日本,*可部線,*Kabe Line,f/w105hi1.png,jr_icons/04_west/kabe-line__w105hi1.png
JR西日本,*マリンライナー,*Marine Liner,f/w211jyu.png,jr_icons/04_west/marine-liner__w211jyu.png
JR西日本,*マリンライナー,*Marine Liner,f/w213pgr.png,jr_icons/04_west/marine-liner__w213pgr.png
JR西日本,*マリンライナー,*Marine Liner,f/w213pye.png,jr_icons/04_west/marine-liner__w213pye.png
JR西日本,*マリンライナー,*Marine Liner,f/w213por.png,jr_icons/04_west/marine-liner__w213por.png
JR西日本,*マリンライナー,*Marine Liner,f/w213ppi.png,jr_icons/04_west/marine-liner__w213ppi.png
JR西日本,*マリンライナー,*Marine Liner,f/w213pbl.png,jr_icons/04_west/marine-liner__w213pbl.png
JR西日本,*マリンライナー,*Marine Liner,f/w213pbmo.png,jr_icons/04_west/marine-liner__w213pbmo.png
JR西日本,*マリンライナー,*Marine Liner,f/w213ppmo.png,jr_icons/04_west/marine-liner__w213ppmo.png
JR西日本,*岡山地区/こんぴら,"*Okayama area




<
	JR東海
｜
	JR四国
>

	
	
	1
	2
	3
	4
	5
	6
	7
	8
	大


2026/5/15 Update",f/w115shl.png,jr_icons/04_west/okayama-area-jr-jr-1-2-3-4-5-6-7-8-2026-5-15-update__w115shl.png
JR西日本,*岡山地区/こんぴら,"*Okayama area




<
	JR東海
｜
	JR四国
>

	
	
	1
	2
	3
	4
	5
	6
	7
	8
	大


2026/5/15 Update",f/w115se.png,jr_icons/04_west/okayama-area-jr-jr-1-2-3-4-5-6-7-8-2026-5-15-update__w115se.png
JR西日本,*岡山地区/こんぴら,"*Okayama area




<
	JR東海
｜
	JR四国
>

	
	
	1
	2
	3
	4
	5
	6
	7
	8
	大


2026/5/15 Update",f/w115set.png,jr_icons/04_west/okayama-area-jr-jr-1-2-3-4-5-6-7-8-2026-5-15-update__w115set.png
JR西日本,*岡山地区/こんぴら,"*Okayama area




<
	JR東海
｜
	JR四国
>

	
	
	1
	2
	3
	4
	5
	6
	7
	8
	大


2026/5/15 Update",f/w115knpr.png,jr_icons/04_west/okayama-area-jr-jr-1-2-3-4-5-6-7-8-2026-5-15-update__w115knpr.png
JR西日本,*岡山地区/こんぴら,"*Okayama area




<
	JR東海
｜
	JR四国
>

	
	
	1
	2
	3
	4
	5
	6
	7
	8
	大


2026/5/15 Update",f/w84un.png,jr_icons/04_west/okayama-area-jr-jr-1-2-3-4-5-6-7-8-2026-5-15-update__w84un.png
JR西日本,*岡山地区/こんぴら,"*Okayama area




<
	JR東海
｜
	JR四国
>

	
	
	1
	2
	3
	4
	5
	6
	7
	8
	大


2026/5/15 Update",f/w84un1.png,jr_icons/04_west/okayama-area-jr-jr-1-2-3-4-5-6-7-8-2026-5-15-update__w84un1.png
JR西日本,*岡山地区/こんぴら,"*Okayama area




<
	JR東海
｜
	JR四国
>

	
	
	1
	2
	3
	4
	5
	6
	7
	8
	大


2026/5/15 Update",f/w123un.png,jr_icons/04_west/okayama-area-jr-jr-1-2-3-4-5-6-7-8-2026-5-15-update__w123un.png
JR西日本,*岡山地区/こんぴら,"*Okayama area




<
	JR東海
｜
	JR四国
>

	
	
	1
	2
	3
	4
	5
	6
	7
	8
	大


2026/5/15 Update",f/w103ok.png,jr_icons/04_west/okayama-area-jr-jr-1-2-3-4-5-6-7-8-2026-5-15-update__w103ok.png
JR西日本,山口地区,Yamaguchi area,f/w700dy.png,jr_icons/04_west/yamaguchi-area__w700dy.png
JR西日本,吉備線,Kibi line,f/w40mmtr.png,jr_icons/04_west/kibi-line__w40mmtr.png
JR西日本,津山/吉備/姫新線,Tsuyama Line,f/w40ty1.png,jr_icons/04_west/tsuyama-line__w40ty1.png
JR西日本,津山/吉備/姫新線,Tsuyama Line,f/w40ty.png,jr_icons/04_west/tsuyama-line__w40ty.png
JR西日本,津山/吉備/姫新線,Tsuyama Line,f/w120tu.png,jr_icons/04_west/tsuyama-line__w120tu.png
JR西日本,津山/吉備/姫新線,Tsuyama Line,f/w120tun.png,jr_icons/04_west/tsuyama-line__w120tun.png
JR西日本,美祢線,Mine line,f/w120mi2.png,jr_icons/04_west/mine-line__w120mi2.png
JR西日本,美祢線,Mine line,f/w120mi3.png,jr_icons/04_west/mine-line__w120mi3.png
JR西日本,美祢線,Mine line,f/w120mi4.png,jr_icons/04_west/mine-line__w120mi4.png
JR西日本,美祢線,Mine line,f/w120mi5.png,jr_icons/04_west/mine-line__w120mi5.png
JR西日本,美祢線,Mine line,f/w120mi1.png,jr_icons/04_west/mine-line__w120mi1.png
JR西日本,美祢線,Mine line,f/w120mi.png,jr_icons/04_west/mine-line__w120mi.png
JR西日本,美祢線,Mine line,f/w120min.png,jr_icons/04_west/mine-line__w120min.png
JR西日本,三江線/山陰本線,San-in Line,f/w120hm.png,jr_icons/04_west/san-in-line__w120hm.png
JR西日本,三江線/山陰本線,San-in Line,f/w120hmn.png,jr_icons/04_west/san-in-line__w120hmn.png
JR西日本,三江線/山陰本線,San-in Line,f/w126.png,jr_icons/04_west/san-in-line__w126.png
JR西日本,三江線/山陰本線,San-in Line,f/w40dojo.png,jr_icons/04_west/san-in-line__w40dojo.png
JR西日本,芸備/木次線,"Geibi, Kisuki Line",f/w120ki3.png,jr_icons/04_west/geibi-kisuki-line__w120ki3.png
JR西日本,芸備/木次線,"Geibi, Kisuki Line",f/w120ki4.png,jr_icons/04_west/geibi-kisuki-line__w120ki4.png
JR西日本,芸備/木次線,"Geibi, Kisuki Line",f/w120fu.png,jr_icons/04_west/geibi-kisuki-line__w120fu.png
JR西日本,芸備/木次線,"Geibi, Kisuki Line",f/w120fun.png,jr_icons/04_west/geibi-kisuki-line__w120fun.png
JR西日本,木次線キハ120,"Kisuki line

過去車両",f/w120kig.png,jr_icons/04_west/kisuki-line__w120kig.png
JR西日本,木次線キハ120,"Kisuki line

過去車両",f/w120kim.png,jr_icons/04_west/kisuki-line__w120kim.png
JR西日本,木次線キハ120,"Kisuki line

過去車両",f/w120kip.png,jr_icons/04_west/kisuki-line__w120kip.png
JR西日本,木次線キハ120,"Kisuki line

過去車両",f/w120kis.png,jr_icons/04_west/kisuki-line__w120kis.png
JR西日本,木次線キハ120,"Kisuki line

過去車両",f/w120ki1.png,jr_icons/04_west/kisuki-line__w120ki1.png
JR西日本,木次線キハ120,"Kisuki line

過去車両",f/w120ki2.png,jr_icons/04_west/kisuki-line__w120ki2.png
JR西日本,木次線キハ120,"Kisuki line

過去車両",f/w120kin.png,jr_icons/04_west/kisuki-line__w120kin.png
JR西日本,奥出雲おろち号,Okuizumo-Orochi,f/w13jort.png,jr_icons/04_west/okuizumo-orochi__w13jort.png
JR西日本,奥出雲おろち号,Okuizumo-Orochi,f/de10jort.png,jr_icons/04_west/okuizumo-orochi__de10jort.png
JR西日本,奥出雲おろち号,Okuizumo-Orochi,f/de10jort1.png,jr_icons/04_west/okuizumo-orochi__de10jort1.png
JR西日本,奥出雲おろち号,Okuizumo-Orochi,f/de10jort2.png,jr_icons/04_west/okuizumo-orochi__de10jort2.png
JR西日本,,*広島山口地区,f/w40hi.png,jr_icons/04_west/untitled__w40hi.png
JR西日本,,*広島山口地区,f/w40hi1.png,jr_icons/04_west/untitled__w40hi1.png
JR西日本,,*広島山口地区,f/w40j.png,jr_icons/04_west/untitled__w40j.png
JR西日本,,*広島山口地区,f/w23hi.png,jr_icons/04_west/untitled__w23hi.png
JR西日本,,*広島山口地区,f/w35hi.png,jr_icons/04_west/untitled__w35hi.png
JR西日本,,*広島山口地区,f/w58hiy.png,jr_icons/04_west/untitled__w58hiy.png
JR西日本,,*広島山口地区,f/w58hiy_.png,jr_icons/04_west/untitled__w58hiy-1.png
JR西日本,,*広島山口地区,f/w20hi.png,jr_icons/04_west/untitled__w20hi.png
JR西日本,,*広島山口地区,f/w20hi1.png,jr_icons/04_west/untitled__w20hi1.png
JR西日本,*大嶺支線/みよし,*Miyoshi,f/w58mi.png,jr_icons/04_west/miyoshi__w58mi.png
JR西日本,*大嶺支線/みよし,*Miyoshi,f/w58mi_.png,jr_icons/04_west/miyoshi__w58mi-1.png
JR西日本,*大嶺支線/みよし,*Miyoshi,f/w58hi2.png,jr_icons/04_west/miyoshi__w58hi2.png
JR西日本,*大嶺支線/みよし,*Miyoshi,f/w58hi2_.png,jr_icons/04_west/miyoshi__w58hi2-1.png
JR西日本,*大嶺支線/みよし,*Miyoshi,f/w58hi1.png,jr_icons/04_west/miyoshi__w58hi1.png
JR西日本,*大嶺支線/みよし,*Miyoshi,f/w30om.png,jr_icons/04_west/miyoshi__w30om.png
JR西日本,*木次/三江線,*Kisuki Line,f/w52ks.png,jr_icons/04_west/kisuki-line__w52ks.png
JR西日本,*木次/三江線,*Kisuki Line,f/w53ks.png,jr_icons/04_west/kisuki-line__w53ks.png
JR西日本,*木次/三江線,*Kisuki Line,f/w40ki2.png,jr_icons/04_west/kisuki-line__w40ki2.png
JR西日本,*木次/三江線,*Kisuki Line,f/w40ki.png,jr_icons/04_west/kisuki-line__w40ki.png
JR西日本,西日本地区/因美,West Japan area,f/w40or.png,jr_icons/04_west/west-japan-area__w40or.png
JR西日本,西日本地区/因美,West Japan area,f/w40in.png,jr_icons/04_west/west-japan-area__w40in.png
JR西日本,西日本地区/因美,West Japan area,f/w40in1.png,jr_icons/04_west/west-japan-area__w40in1.png
JR西日本,境線/*,Sakai Line/*,f/w40ktro11.png,jr_icons/04_west/sakai-line__w40ktro11.png
JR西日本,境線/*,Sakai Line/*,f/w40ktro12.png,jr_icons/04_west/sakai-line__w40ktro12.png
JR西日本,境線/*,Sakai Line/*,f/w40ktro13.png,jr_icons/04_west/sakai-line__w40ktro13.png
JR西日本,境線/*,Sakai Line/*,f/w40ktro14.png,jr_icons/04_west/sakai-line__w40ktro14.png
JR西日本,境線/*,Sakai Line/*,f/w40ktro4.png,jr_icons/04_west/sakai-line__w40ktro4.png
JR西日本,境線/*,Sakai Line/*,f/w40ktro3.png,jr_icons/04_west/sakai-line__w40ktro3.png
JR西日本,境線/*,Sakai Line/*,f/w40ktro5.png,jr_icons/04_west/sakai-line__w40ktro5.png
JR西日本,境線/*,Sakai Line/*,f/w40ktro6.png,jr_icons/04_west/sakai-line__w40ktro6.png
JR西日本,境線/*,Sakai Line/*,f/w40ktro2.png,jr_icons/04_west/sakai-line__w40ktro2.png
JR西日本,境線/*,Sakai Line/*,f/w33ktro2.png,jr_icons/04_west/sakai-line__w33ktro2.png
JR西日本,*境/山陰本線,*Sakai Line,f/w37or.png,jr_icons/04_west/sakai-line__w37or.png
JR西日本,*境/山陰本線,*Sakai Line,f/w33or.png,jr_icons/04_west/sakai-line__w33or.png
JR西日本,*境/山陰本線,*Sakai Line,f/w33o.png,jr_icons/04_west/sakai-line__w33o.png
JR西日本,*境/山陰本線,*Sakai Line,f/w33tai.png,jr_icons/04_west/sakai-line__w33tai.png
JR西日本,*境/山陰本線,*Sakai Line,f/w33kani.png,jr_icons/04_west/sakai-line__w33kani.png
JR西日本,*境/山陰本線,*Sakai Line,f/w33tori.png,jr_icons/04_west/sakai-line__w33tori.png
JR西日本,*境/山陰本線,*Sakai Line,f/w40ktro1.png,jr_icons/04_west/sakai-line__w40ktro1.png
JR西日本,*境/山陰本線,*Sakai Line,f/w40yacht.png,jr_icons/04_west/sakai-line__w40yacht.png
JR西日本,*砂丘つやま/吉備,"*Sakyu,Tsuyama




<
	JR東海
｜
	JR四国
>

	
	
	1
	2
	3
	4
	5
	6
	7
	8
	大


2026/1/15 Update",f/w58tu2.png,jr_icons/04_west/sakyu-tsuyama-jr-jr-1-2-3-4-5-6-7-8-2026-1-15-update__w58tu2.png
JR西日本,*砂丘つやま/吉備,"*Sakyu,Tsuyama




<
	JR東海
｜
	JR四国
>

	
	
	1
	2
	3
	4
	5
	6
	7
	8
	大


2026/1/15 Update",f/w65tu2.png,jr_icons/04_west/sakyu-tsuyama-jr-jr-1-2-3-4-5-6-7-8-2026-1-15-update__w65tu2.png
JR西日本,*砂丘つやま/吉備,"*Sakyu,Tsuyama




<
	JR東海
｜
	JR四国
>

	
	
	1
	2
	3
	4
	5
	6
	7
	8
	大


2026/1/15 Update",f/w58tu.png,jr_icons/04_west/sakyu-tsuyama-jr-jr-1-2-3-4-5-6-7-8-2026-1-15-update__w58tu.png
JR西日本,*砂丘つやま/吉備,"*Sakyu,Tsuyama




<
	JR東海
｜
	JR四国
>

	
	
	1
	2
	3
	4
	5
	6
	7
	8
	大


2026/1/15 Update",f/w65tu.png,jr_icons/04_west/sakyu-tsuyama-jr-jr-1-2-3-4-5-6-7-8-2026-1-15-update__w65tu.png
JR西日本,*砂丘つやま/吉備,"*Sakyu,Tsuyama




<
	JR東海
｜
	JR四国
>

	
	
	1
	2
	3
	4
	5
	6
	7
	8
	大


2026/1/15 Update",f/w40kb.png,jr_icons/04_west/sakyu-tsuyama-jr-jr-1-2-3-4-5-6-7-8-2026-1-15-update__w40kb.png
JR西日本,*砂丘つやま/吉備,"*Sakyu,Tsuyama




<
	JR東海
｜
	JR四国
>

	
	
	1
	2
	3
	4
	5
	6
	7
	8
	大


2026/1/15 Update",f/w53kb.png,jr_icons/04_west/sakyu-tsuyama-jr-jr-1-2-3-4-5-6-7-8-2026-1-15-update__w53kb.png
JR西日本,うみやまむすび,Umiyama Musubi,f/w40uym.png,jr_icons/04_west/umiyama-musubi__w40uym.png
JR西日本,姫新線,Kishin line,f/w122.png,jr_icons/04_west/kishin-line__w122.png
JR西日本,加古川/小浜線,"Kakogawa, Obama",f/w103kg.png,jr_icons/04_west/kakogawa-obama__w103kg.png
JR西日本,加古川/小浜線,"Kakogawa, Obama",f/w103kgp.png,jr_icons/04_west/kakogawa-obama__w103kgp.png
JR西日本,加古川/小浜線,"Kakogawa, Obama",f/w125bp.png,jr_icons/04_west/kakogawa-obama__w125bp.png
JR西日本,加古川/小浜線,"Kakogawa, Obama",f/w125b.png,jr_icons/04_west/kakogawa-obama__w125b.png
JR西日本,加古川/小浜線,"Kakogawa, Obama",f/w125p.png,jr_icons/04_west/kakogawa-obama__w125p.png
JR西日本,加古川/小浜線,"Kakogawa, Obama",f/w125.png,jr_icons/04_west/kakogawa-obama__w125.png
JR西日本,加古川/小浜線,"Kakogawa, Obama",f/w125c.png,jr_icons/04_west/kakogawa-obama__w125c.png
JR西日本,加古川/小浜線,"Kakogawa, Obama",f/w125cp.png,jr_icons/04_west/kakogawa-obama__w125cp.png
JR西日本,サバ/トラフグ列車,Obama line,f/w125sb.png,jr_icons/04_west/obama-line__w125sb.png
JR西日本,サバ/トラフグ列車,Obama line,f/w125sbp.png,jr_icons/04_west/obama-line__w125sbp.png
JR西日本,サバ/トラフグ列車,Obama line,f/w125fg.png,jr_icons/04_west/obama-line__w125fg.png
JR西日本,サバ/トラフグ列車,Obama line,f/w125fgp.png,jr_icons/04_west/obama-line__w125fgp.png
JR西日本,播但/山陰線,"Bantan Line
過去車両",f/w41.png,jr_icons/04_west/bantan-line__w41.png
JR西日本,播但/山陰線,"Bantan Line
過去車両",f/w103ba.png,jr_icons/04_west/bantan-line__w103ba.png
JR西日本,播但/山陰線,"Bantan Line
過去車両",f/w103bap.png,jr_icons/04_west/bantan-line__w103bap.png
JR西日本,播但/山陰線,"Bantan Line
過去車両",f/w40bag1.png,jr_icons/04_west/bantan-line__w40bag1.png
JR西日本,播但/山陰線,"Bantan Line
過去車両",f/w41bag1.png,jr_icons/04_west/bantan-line__w41bag1.png
JR西日本,播但/山陰線,"Bantan Line
過去車両",f/w103bag1.png,jr_icons/04_west/bantan-line__w103bag1.png
JR西日本,播但/山陰線,"Bantan Line
過去車両",f/w103bag2.png,jr_icons/04_west/bantan-line__w103bag2.png
JR西日本,播但/山陰線,"Bantan Line
過去車両",f/w103bag3.png,jr_icons/04_west/bantan-line__w103bag3.png
JR西日本,*福知山地区,*Fukuchiyama area,f/w41bas.png,jr_icons/04_west/fukuchiyama-area__w41bas.png
JR西日本,*福知山地区,*Fukuchiyama area,f/w41ba1.png,jr_icons/04_west/fukuchiyama-area__w41ba1.png
JR西日本,*福知山地区,*Fukuchiyama area,f/w41bao.png,jr_icons/04_west/fukuchiyama-area__w41bao.png
JR西日本,*福知山地区,*Fukuchiyama area,f/w41ba.png,jr_icons/04_west/fukuchiyama-area__w41ba.png
JR西日本,*福知山地区,*Fukuchiyama area,f/w40ba1.png,jr_icons/04_west/fukuchiyama-area__w40ba1.png
JR西日本,*福知山地区,*Fukuchiyama area,f/w40bao.png,jr_icons/04_west/fukuchiyama-area__w40bao.png
JR西日本,*福知山地区,*Fukuchiyama area,f/w40ba.png,jr_icons/04_west/fukuchiyama-area__w40ba.png
JR西日本,*福知山地区,*Fukuchiyama area,f/w40fk.png,jr_icons/04_west/fukuchiyama-area__w40fk.png
JR西日本,*福知山地区,*Fukuchiyama area,f/w40fk0.png,jr_icons/04_west/fukuchiyama-area__w40fk0.png
JR西日本,*福知山地区,*Fukuchiyama area,f/w58wktr.png,jr_icons/04_west/fukuchiyama-area__w58wktr.png
JR西日本,*福知山地区,*Fukuchiyama area,f/w58wktr1.png,jr_icons/04_west/fukuchiyama-area__w58wktr1.png
JR西日本,*小浜線,*Obama Line,f/w58ob4.png,jr_icons/04_west/obama-line__w58ob4.png
JR西日本,*小浜線,*Obama Line,f/w58ob3.png,jr_icons/04_west/obama-line__w58ob3.png
JR西日本,*小浜線,*Obama Line,f/w53ob.png,jr_icons/04_west/obama-line__w53ob.png
JR西日本,*小浜線,*Obama Line,f/w58ob.png,jr_icons/04_west/obama-line__w58ob.png
JR西日本,*小浜線,*Obama Line,f/w58ob2.png,jr_icons/04_west/obama-line__w58ob2.png
JR西日本,*小浜線,*Obama Line,f/w40ob.png,jr_icons/04_west/obama-line__w40ob.png
JR西日本,*小浜線,*Obama Line,f/w58pat.png,jr_icons/04_west/obama-line__w58pat.png
JR西日本,*小浜線,*Obama Line,f/w113nob.png,jr_icons/04_west/obama-line__w113nob.png
JR西日本,*加古川線,*Kakogawa Line,f/w40ka.png,jr_icons/04_west/kakogawa-line__w40ka.png
JR西日本,*加古川線,*Kakogawa Line,f/w40ka1.png,jr_icons/04_west/kakogawa-line__w40ka1.png
JR西日本,*加古川線,*Kakogawa Line,f/w40ka0.png,jr_icons/04_west/kakogawa-line__w40ka0.png
JR西日本,*加古川線,*Kakogawa Line,f/w20ka.png,jr_icons/04_west/kakogawa-line__w20ka.png
JR西日本,*加古川線,*Kakogawa Line,f/w20ka1.png,jr_icons/04_west/kakogawa-line__w20ka1.png
JR西日本,*加古川線,*Kakogawa Line,f/w20ka0.png,jr_icons/04_west/kakogawa-line__w20ka0.png
JR西日本,*加古川線,*Kakogawa Line,f/w35ka.png,jr_icons/04_west/kakogawa-line__w35ka.png
JR西日本,*加古川線,*Kakogawa Line,f/w30ka.png,jr_icons/04_west/kakogawa-line__w30ka.png
JR西日本,,*加古川線,f/w103kap.png,jr_icons/04_west/untitled__w103kap.png
JR西日本,,*加古川線,f/w103kap2.png,jr_icons/04_west/untitled__w103kap2.png
JR西日本,,*加古川線,f/w103kap3.png,jr_icons/04_west/untitled__w103kap3.png
JR西日本,,*加古川線,f/w23ka.png,jr_icons/04_west/untitled__w23ka.png
JR西日本,,*加古川線,f/w37ka0.png,jr_icons/04_west/untitled__w37ka0.png
JR西日本,,*加古川線,f/w37ka.png,jr_icons/04_west/untitled__w37ka.png
JR西日本,,*姫新線/はばタン,f/w40hj1.png,jr_icons/04_west/untitled__w40hj1.png
JR西日本,,*姫新線/はばタン,f/w40hj.png,jr_icons/04_west/untitled__w40hj.png
JR西日本,,*姫新線/はばタン,f/w58hj.png,jr_icons/04_west/untitled__w58hj.png
JR西日本,,*姫新線/はばタン,f/w58hj2.png,jr_icons/04_west/untitled__w58hj2.png
JR西日本,,*姫新線/はばタン,f/w40hbtn.png,jr_icons/04_west/untitled__w40hbtn.png
JR西日本,七尾線,Nanao line,f/w521na.png,jr_icons/04_west/nanao-line__w521na.png
JR西日本,氷見城端線,Takaoka area,f/w40tk1b.png,jr_icons/04_west/takaoka-area__w40tk1b.png
JR西日本,氷見城端線,Takaoka area,f/w40tk1g.png,jr_icons/04_west/takaoka-area__w40tk1g.png
JR西日本,氷見城端線,Takaoka area,f/w40tk1m.png,jr_icons/04_west/takaoka-area__w40tk1m.png
JR西日本,氷見城端線,Takaoka area,f/w40tk1ro.png,jr_icons/04_west/takaoka-area__w40tk1ro.png
JR西日本,高山本線/大糸線,Takayama Line,f/w120gr.png,jr_icons/04_west/takayama-line__w120gr.png
JR西日本,高山本線/大糸線,Takayama Line,f/w120grn.png,jr_icons/04_west/takayama-line__w120grn.png
JR西日本,高山本線/大糸線,Takayama Line,f/w120re.png,jr_icons/04_west/takayama-line__w120re.png
JR西日本,高山本線/大糸線,Takayama Line,f/w120ren.png,jr_icons/04_west/takayama-line__w120ren.png
JR西日本,高山本線/大糸線,Takayama Line,f/w120oi1.png,jr_icons/04_west/takayama-line__w120oi1.png
JR西日本,高山本線/大糸線,Takayama Line,f/w120oi.png,jr_icons/04_west/takayama-line__w120oi.png
JR西日本,越美北線/RN車,Kuzuryu Line,f/w120.png,jr_icons/04_west/kuzuryu-line__w120.png
JR西日本,越美北線/RN車,Kuzuryu Line,f/w120n.png,jr_icons/04_west/kuzuryu-line__w120n.png
JR西日本,越美北線/RN車,Kuzuryu Line,f/w120et5.png,jr_icons/04_west/kuzuryu-line__w120et5.png
JR西日本,越美北線/RN車,Kuzuryu Line,f/w120et.png,jr_icons/04_west/kuzuryu-line__w120et.png
JR西日本,越美北線,"Kuzuryu line

過去車両",f/w120et1.png,jr_icons/04_west/kuzuryu-line__w120et1.png
JR西日本,越美北線,"Kuzuryu line

過去車両",f/w120et2.png,jr_icons/04_west/kuzuryu-line__w120et2.png
JR西日本,越美北線,"Kuzuryu line

過去車両",f/w120et3.png,jr_icons/04_west/kuzuryu-line__w120et3.png
JR西日本,越美北線,"Kuzuryu line

過去車両",f/w120et4.png,jr_icons/04_west/kuzuryu-line__w120et4.png
JR西日本,*北陸本線,*Hokuriku line,f/w521.png,jr_icons/04_west/hokuriku-line__w521.png
JR西日本,*北陸本線,*Hokuriku line,f/w521b.png,jr_icons/04_west/hokuriku-line__w521b.png
JR西日本,*北陸本線,*Hokuriku line,f/w521a.png,jr_icons/04_west/hokuriku-line__w521a.png
JR西日本,*北陸本線,*Hokuriku line,f/w521a1.png,jr_icons/04_west/hokuriku-line__w521a1.png
JR西日本,*北陸本線,*Hokuriku line,f/w413b.png,jr_icons/04_west/hokuriku-line__w413b.png
JR西日本,*北陸本線,*Hokuriku line,f/w455hb.png,jr_icons/04_west/hokuriku-line__w455hb.png
JR西日本,*北陸本線,*Hokuriku line,f/w455bb.png,jr_icons/04_west/hokuriku-line__w455bb.png
JR西日本,*北陸タウントレイン,*Hokuriku rail,f/w419l2.png,jr_icons/04_west/hokuriku-rail__w419l2.png
JR西日本,*北陸タウントレイン,*Hokuriku rail,f/w455bt1.png,jr_icons/04_west/hokuriku-rail__w455bt1.png
JR西日本,*北陸タウントレイン,*Hokuriku rail,f/w455t1.png,jr_icons/04_west/hokuriku-rail__w455t1.png
JR西日本,*北陸タウントレイン,*Hokuriku rail,f/w455bt2.png,jr_icons/04_west/hokuriku-rail__w455bt2.png
JR西日本,*北陸タウントレイン,*Hokuriku rail,f/w455t2.png,jr_icons/04_west/hokuriku-rail__w455t2.png
JR西日本,*北陸タウントレイン,*Hokuriku rail,f/w419h.png,jr_icons/04_west/hokuriku-rail__w419h.png
JR西日本,*北陸タウントレイン,*Hokuriku rail,f/w419l.png,jr_icons/04_west/hokuriku-rail__w419l.png
JR西日本,*北陸本線,*Hokuriku Line,f/w419h2.png,jr_icons/04_west/hokuriku-line__w419h2.png
JR西日本,*北陸本線,*Hokuriku Line,f/w419h1.png,jr_icons/04_west/hokuriku-line__w419h1.png
JR西日本,*北陸本線,*Hokuriku Line,f/w419l1.png,jr_icons/04_west/hokuriku-line__w419l1.png
JR西日本,*北陸本線,*Hokuriku Line,f/w475j.png,jr_icons/04_west/hokuriku-line__w475j.png
JR西日本,*北陸本線,*Hokuriku Line,f/w455b.png,jr_icons/04_west/hokuriku-line__w455b.png
JR西日本,*北陸本線,*Hokuriku Line,f/w455.png,jr_icons/04_west/hokuriku-line__w455.png
JR西日本,*七尾線/能登路,*Nanao Line,f/w415r.png,jr_icons/04_west/nanao-line__w415r.png
JR西日本,*七尾線/能登路,*Nanao Line,f/w415r1.png,jr_icons/04_west/nanao-line__w415r1.png
JR西日本,*七尾線/能登路,*Nanao Line,f/w413r.png,jr_icons/04_west/nanao-line__w413r.png
JR西日本,*七尾線/能登路,*Nanao Line,f/w415.png,jr_icons/04_west/nanao-line__w415.png
JR西日本,*七尾線/能登路,*Nanao Line,f/w58na.png,jr_icons/04_west/nanao-line__w58na.png
JR西日本,*七尾線/能登路,*Nanao Line,f/w58na0.png,jr_icons/04_west/nanao-line__w58na0.png
JR西日本,*七尾線/能登路,*Nanao Line,f/w58nt.png,jr_icons/04_west/nanao-line__w58nt.png
JR西日本,*七尾線/能登路,*Nanao Line,f/w58nt1.png,jr_icons/04_west/nanao-line__w58nt1.png
JR西日本,*氷見城端線,*Himi Line,f/w40hm.png,jr_icons/04_west/himi-line__w40hm.png
JR西日本,*氷見城端線,*Himi Line,f/w40hmc.png,jr_icons/04_west/himi-line__w40hmc.png
JR西日本,*氷見城端線,*Himi Line,f/w58hm.png,jr_icons/04_west/himi-line__w58hm.png
JR西日本,*氷見城端線,*Himi Line,f/w30hm0.png,jr_icons/04_west/himi-line__w30hm0.png
JR西日本,*氷見城端線,*Himi Line,f/w52hm0.png,jr_icons/04_west/himi-line__w52hm0.png
JR西日本,*氷見城端線,*Himi Line,f/w45hm0.png,jr_icons/04_west/himi-line__w45hm0.png
JR西日本,*氷見城端線,*Himi Line,f/w40hm0.png,jr_icons/04_west/himi-line__w40hm0.png
JR西日本,*氷見城端線,*Himi Line,f/w58hm0.png,jr_icons/04_west/himi-line__w58hm0.png
JR西日本,*氷見城端線,*Himi Line,f/w45hm.png,jr_icons/04_west/himi-line__w45hm.png
JR西日本,*氷見城端線,*Himi Line,f/w34hm.png,jr_icons/04_west/himi-line__w34hm.png
JR西日本,,*大糸線/越美北,f/w23oi1.png,jr_icons/04_west/untitled__w23oi1.png
JR西日本,,*大糸線/越美北,f/w23oi.png,jr_icons/04_west/untitled__w23oi.png
JR西日本,,*大糸線/越美北,f/w52oi.png,jr_icons/04_west/untitled__w52oi.png
JR西日本,,*大糸線/越美北,f/w52oio2.png,jr_icons/04_west/untitled__w52oio2.png
JR西日本,,*大糸線/越美北,f/w52oio1.png,jr_icons/04_west/untitled__w52oio1.png
JR西日本,,*大糸線/越美北,f/w52oir.png,jr_icons/04_west/untitled__w52oir.png
JR西日本,,*大糸線/越美北,f/w52oib.png,jr_icons/04_west/untitled__w52oib.png
JR西日本,*たかやま,*Takayama,f/w58ta.png,jr_icons/04_west/takayama__w58ta.png
JR西日本,*たかやま,*Takayama,f/w58ta3.png,jr_icons/04_west/takayama__w58ta3.png
JR西日本,*たかやま,*Takayama,f/w58ta2.png,jr_icons/04_west/takayama__w58ta2.png
JR西日本,*たかやま,*Takayama,f/w58ta4.png,jr_icons/04_west/takayama__w58ta4.png
JR西日本,*高山/大糸線,*Oito Line,f/w52tky.png,jr_icons/04_west/oito-line__w52tky.png
JR西日本,*高山/大糸線,*Oito Line,f/w58tky.png,jr_icons/04_west/oito-line__w58tky.png
JR西日本,*高山/大糸線,*Oito Line,f/w23tky.png,jr_icons/04_west/oito-line__w23tky.png
JR西日本,*高山/大糸線,*Oito Line,f/w58tky1.png,jr_icons/04_west/oito-line__w58tky1.png
JR西日本,*高山/大糸線,*Oito Line,f/w58oi1.png,jr_icons/04_west/oito-line__w58oi1.png
JR西日本,*高山/大糸線,*Oito Line,f/w58oi.png,jr_icons/04_west/oito-line__w58oi.png
JR西日本,氷見城端線,Himi Line,f/w40htr1p.png,jr_icons/04_west/himi-line__w40htr1p.png
JR西日本,氷見城端線,Himi Line,f/w40htr2p.png,jr_icons/04_west/himi-line__w40htr2p.png
JR西日本,氷見城端線,Himi Line,f/w40htr1o.png,jr_icons/04_west/himi-line__w40htr1o.png
JR西日本,氷見城端線,Himi Line,f/w40htr2o.png,jr_icons/04_west/himi-line__w40htr2o.png
JR西日本,氷見城端線,Himi Line,f/w40htr1b.png,jr_icons/04_west/himi-line__w40htr1b.png
JR西日本,氷見城端線,Himi Line,f/w40htr2b.png,jr_icons/04_west/himi-line__w40htr2b.png
JR西日本,,*氷見城端線,f/w40tk.png,jr_icons/04_west/untitled__w40tk.png
JR西日本,,*氷見城端線,f/w58tk.png,jr_icons/04_west/untitled__w58tk.png
JR西日本,,*氷見城端線,f/w58stk.png,jr_icons/04_west/untitled__w58stk.png
JR西日本,,*氷見城端線,f/w58tk0.png,jr_icons/04_west/untitled__w58tk0.png
JR西日本,,*氷見城端線,f/w35tk0.png,jr_icons/04_west/untitled__w35tk0.png
JR西日本,,*氷見城端線,f/w45tk0.png,jr_icons/04_west/untitled__w45tk0.png
JR西日本,*氷見城端線,"*Himi line




<
	JR東海
｜
	JR四国
>

	
	
	1
	2
	3
	4
	5
	6
	7
	8
	大


2025/8/22 Update",f/w30tkp.png,jr_icons/04_west/himi-line-jr-jr-1-2-3-4-5-6-7-8-2025-8-22-update__w30tkp.png
JR西日本,*氷見城端線,"*Himi line




<
	JR東海
｜
	JR四国
>

	
	
	1
	2
	3
	4
	5
	6
	7
	8
	大


2025/8/22 Update",f/w45tkp.png,jr_icons/04_west/himi-line-jr-jr-1-2-3-4-5-6-7-8-2025-8-22-update__w45tkp.png
JR西日本,*氷見城端線,"*Himi line




<
	JR東海
｜
	JR四国
>

	
	
	1
	2
	3
	4
	5
	6
	7
	8
	大


2025/8/22 Update",f/w40tk0.png,jr_icons/04_west/himi-line-jr-jr-1-2-3-4-5-6-7-8-2025-8-22-update__w40tk0.png
JR西日本,*氷見城端線,"*Himi line




<
	JR東海
｜
	JR四国
>

	
	
	1
	2
	3
	4
	5
	6
	7
	8
	大


2025/8/22 Update",f/w40tkp.png,jr_icons/04_west/himi-line-jr-jr-1-2-3-4-5-6-7-8-2025-8-22-update__w40tkp.png
JR西日本,*くろしお/*かがやき,*Kuroshio/*Kagayaki,f/w381pkr2.png,jr_icons/04_west/kuroshio-kagayaki__w381pkr2.png
JR西日本,*くろしお/*かがやき,*Kuroshio/*Kagayaki,f/w381kr2.png,jr_icons/04_west/kuroshio-kagayaki__w381kr2.png
JR西日本,*くろしお/*かがやき,*Kuroshio/*Kagayaki,f/w381pkr1.png,jr_icons/04_west/kuroshio-kagayaki__w381pkr1.png
JR西日本,*くろしお/*かがやき,*Kuroshio/*Kagayaki,f/w381kr1.png,jr_icons/04_west/kuroshio-kagayaki__w381kr1.png
JR西日本,*くろしお/*かがやき,*Kuroshio/*Kagayaki,f/w485kg.png,jr_icons/04_west/kuroshio-kagayaki__w485kg.png
JR西日本,*くろしお/*かがやき,*Kuroshio/*Kagayaki,f/w485kkg.png,jr_icons/04_west/kuroshio-kagayaki__w485kkg.png
JR西日本,北近畿特急,Kitakinki area,f/w183ha.png,jr_icons/04_west/kitakinki-area__w183ha.png
JR西日本,北近畿特急,Kitakinki area,f/w183kha1.png,jr_icons/04_west/kitakinki-area__w183kha1.png
JR西日本,北近畿特急,Kitakinki area,f/w183kha.png,jr_icons/04_west/kitakinki-area__w183kha.png
JR西日本,北近畿特急,Kitakinki area,f/w183kha2.png,jr_icons/04_west/kitakinki-area__w183kha2.png
JR西日本,北近畿特急,Kitakinki area,f/w183kha1_.png,jr_icons/04_west/kitakinki-area__w183kha1-1.png
JR西日本,北近畿特急,Kitakinki area,f/w183kha_.png,jr_icons/04_west/kitakinki-area__w183kha-1.png
JR西日本,北近畿特急,Kitakinki area,f/w485kmz.png,jr_icons/04_west/kitakinki-area__w485kmz.png
JR西日本,北近畿特急,Kitakinki area,f/w181n.png,jr_icons/04_west/kitakinki-area__w181n.png
JR西日本,*北陸特急,*Hokuriku area,f/w489hk1b.png,jr_icons/04_west/hokuriku-area__w489hk1b.png
JR西日本,*北陸特急,*Hokuriku area,f/w489hk-b.png,jr_icons/04_west/hokuriku-area__w489hk-b.png
JR西日本,*北陸特急,*Hokuriku area,f/w489hk-b1.png,jr_icons/04_west/hokuriku-area__w489hk-b1.png
JR西日本,*北陸特急,*Hokuriku area,f/w485ha.png,jr_icons/04_west/hokuriku-area__w485ha.png
JR西日本,*北陸特急,*Hokuriku area,f/w485hk.png,jr_icons/04_west/hokuriku-area__w485hk.png
JR西日本,*北陸特急,*Hokuriku area,f/w485kn-b.png,jr_icons/04_west/hokuriku-area__w485kn-b.png
JR西日本,*北陸特急,*Hokuriku area,f/w489kn.png,jr_icons/04_west/hokuriku-area__w489kn.png
JR西日本,*北陸特急,*Hokuriku area,f/w485crm.png,jr_icons/04_west/hokuriku-area__w485crm.png
JR西日本,*S雷鳥,*Raicho,f/w485pra.png,jr_icons/04_west/raicho__w485pra.png
JR西日本,*S雷鳥,*Raicho,f/w485pra1.png,jr_icons/04_west/raicho__w485pra1.png
JR西日本,*S雷鳥,*Raicho,f/w485ra2_.png,jr_icons/04_west/raicho__w485ra2.png
JR西日本,*S雷鳥,*Raicho,f/w485ra.png,jr_icons/04_west/raicho__w485ra.png
JR西日本,*S雷鳥,*Raicho,f/w485kkra.png,jr_icons/04_west/raicho__w485kkra.png
JR西日本,*S雷鳥,*Raicho,f/w485ra2.png,jr_icons/04_west/raicho__w485ra2-1.png
JR西日本,*S雷鳥,*Raicho,f/w485kra.png,jr_icons/04_west/raicho__w485kra.png
JR西日本,*S雷鳥,*Raicho,f/w485k.png,jr_icons/04_west/raicho__w485k.png
JR西日本,*しらさぎ,*Shirasagi,f/w485kbl.png,jr_icons/04_west/shirasagi__w485kbl.png
JR西日本,*しらさぎ,*Shirasagi,f/w485si.png,jr_icons/04_west/shirasagi__w485si.png
JR西日本,*しらさぎ,*Shirasagi,f/w485bl.png,jr_icons/04_west/shirasagi__w485bl.png
JR西日本,*しらさぎ,*Shirasagi,f/w485bl2.png,jr_icons/04_west/shirasagi__w485bl2.png
JR西日本,*しらさぎ,*Shirasagi,f/w485p.png,jr_icons/04_west/shirasagi__w485p.png
JR西日本,*しらさぎ,*Shirasagi,f/w485bl3_.png,jr_icons/04_west/shirasagi__w485bl3.png
JR西日本,*しらさぎ,*Shirasagi,f/w485bl4_.png,jr_icons/04_west/shirasagi__w485bl4.png
JR西日本,*しらさぎ,*Shirasagi,f/w485bl4.png,jr_icons/04_west/shirasagi__w485bl4-1.png
JR西日本,*やくも,*Yakumo,f/w381yk5j.png,jr_icons/04_west/yakumo__w381yk5j.png
JR西日本,*やくも,*Yakumo,f/w381yk5.png,jr_icons/04_west/yakumo__w381yk5.png
JR西日本,*やくも,*Yakumo,f/w381pyk.png,jr_icons/04_west/yakumo__w381pyk.png
JR西日本,*やくも,*Yakumo,f/w381ykk.png,jr_icons/04_west/yakumo__w381ykk.png
JR西日本,*やくも,*Yakumo,f/w381yk.png,jr_icons/04_west/yakumo__w381yk.png
JR西日本,,*やくも,f/w381psy.png,jr_icons/04_west/untitled__w381psy.png
JR西日本,,*やくも,f/w381ksy.png,jr_icons/04_west/untitled__w381ksy.png
JR西日本,,*やくも,f/w381sy.png,jr_icons/04_west/untitled__w381sy.png
JR西日本,,*やくも,f/w381sy0.png,jr_icons/04_west/untitled__w381sy0.png
JR西日本,,*やくも,f/w381kya.png,jr_icons/04_west/untitled__w381kya.png
JR西日本,,*やくも,f/w381ya.png,jr_icons/04_west/untitled__w381ya.png
JR西日本,,*エーデル,f/w56pe.png,jr_icons/04_west/untitled__w56pe.png
JR西日本,,*エーデル,f/w56per.png,jr_icons/04_west/untitled__w56per.png
JR西日本,,*エーデル,f/w56peb.png,jr_icons/04_west/untitled__w56peb.png
JR西日本,,*エーデル,f/w65egk.png,jr_icons/04_west/untitled__w65egk.png
JR西日本,,*エーデル,f/w65eyk.png,jr_icons/04_west/untitled__w65eyk.png
JR西日本,,*エーデル,f/w65disn.png,jr_icons/04_west/untitled__w65disn.png
JR西日本,,*エーデル,f/w65disnb.png,jr_icons/04_west/untitled__w65disnb.png
JR西日本,,*ゆうゆうサロン,f/w12jokym2.png,jr_icons/04_west/untitled__w12jokym2.png
JR西日本,,*ゆうゆうサロン,f/ef65jokym2.png,jr_icons/04_west/untitled__ef65jokym2.png
JR西日本,,*ゆうゆうサロン,f/ef65jokym4.png,jr_icons/04_west/untitled__ef65jokym4.png
JR西日本,,*ゆうゆうサロン,f/w12jokym1.png,jr_icons/04_west/untitled__w12jokym1.png
JR西日本,,*ゆうゆうサロン,f/ef65jokym1.png,jr_icons/04_west/untitled__ef65jokym1.png
JR西日本,,*ゆうゆうサロン,f/ef65jokym3.png,jr_icons/04_west/untitled__ef65jokym3.png
JR西日本,*フェスタ/旅路,"*Festa, Tabiji",f/w58jfest.png,jr_icons/04_west/festa-tabiji__w58jfest.png
JR西日本,*フェスタ/旅路,"*Festa, Tabiji",f/w58jfest1.png,jr_icons/04_west/festa-tabiji__w58jfest1.png
JR西日本,*フェスタ/旅路,"*Festa, Tabiji",f/w12jtbj.png,jr_icons/04_west/festa-tabiji__w12jtbj.png
JR西日本,*フェスタ/旅路,"*Festa, Tabiji",f/w14jtbj0.png,jr_icons/04_west/festa-tabiji__w14jtbj0.png
JR西日本,*ムーンライト九州,*Moonlight Kyushu,f/w14r.png,jr_icons/04_west/moonlight-kyushu__w14r.png
JR西日本,*ムーンライト九州,*Moonlight Kyushu,f/w14rp.png,jr_icons/04_west/moonlight-kyushu__w14rp.png
JR西日本,*セイシェル,Seychelles,f/w58jsesl.png,jr_icons/04_west/seychelles__w58jsesl.png
JR西日本,*きのくに/シーサイド,*Kinokuni Seaside,f/w12jknkn.png,jr_icons/04_west/kinokuni-seaside__w12jknkn.png
JR西日本,*きのくに/シーサイド,*Kinokuni Seaside,f/w12jks.png,jr_icons/04_west/kinokuni-seaside__w12jks.png
JR西日本,*きのくに/シーサイド,*Kinokuni Seaside,f/w13jks.png,jr_icons/04_west/kinokuni-seaside__w13jks.png
JR西日本,*きのくに/シーサイド,*Kinokuni Seaside,f/de10jks.png,jr_icons/04_west/kinokuni-seaside__de10jks.png
JR西日本,*ホリデーパル,*Holiday Pal,f/w20jhpal.png,jr_icons/04_west/holiday-pal__w20jhpal.png
JR西日本,*ホリデーパル,*Holiday Pal,f/w20jhpalk.png,jr_icons/04_west/holiday-pal__w20jhpalk.png
JR西日本,*ホリデーパル,*Holiday Pal,f/w20jhpal2.png,jr_icons/04_west/holiday-pal__w20jhpal2.png
JR西日本,*ふれあいパル,*Fureai Pal,f/w58jfpal.png,jr_icons/04_west/fureai-pal__w58jfpal.png
JR西日本,アビ丸/ポッポクック,*Sanyo Line,f/w113abml.png,jr_icons/04_west/sanyo-line__w113abml.png
JR西日本,アビ丸/ポッポクック,*Sanyo Line,f/w115ppqq.png,jr_icons/04_west/sanyo-line__w115ppqq.png
JR西日本,*夢フェスタ,*San-in Line,f/w58pymto.png,jr_icons/04_west/san-in-line__w58pymto.png
JR西日本,*ゆぅトピア/アストル,"Utopia, Astol",f/w65jyutp.png,jr_icons/04_west/utopia-astol__w65jyutp.png
JR西日本,*ゆぅトピア/アストル,"Utopia, Astol",f/w58jastlk.png,jr_icons/04_west/utopia-astol__w58jastlk.png
JR西日本,*ゆぅトピア/アストル,"Utopia, Astol",f/w58jastl1.png,jr_icons/04_west/utopia-astol__w58jastl1.png
JR西日本,*ゆぅトピア/アストル,"Utopia, Astol",f/w58jastl2.png,jr_icons/04_west/utopia-astol__w58jastl2.png
JR西日本,*団らん/サワ座,*Danran/Sawa-za,f/w12jswz.png,jr_icons/04_west/danran-sawa-za__w12jswz.png
JR西日本,*団らん/サワ座,*Danran/Sawa-za,f/w12jswz2.png,jr_icons/04_west/danran-sawa-za__w12jswz2.png
JR西日本,*団らん/サワ座,*Danran/Sawa-za,f/w12jswz1.png,jr_icons/04_west/danran-sawa-za__w12jswz1.png
JR西日本,*ふれあいSUN-IN,*ほのぼのSUN-IN,f/w58jfrsn.png,jr_icons/04_west/sun-in__w58jfrsn.png
JR西日本,*ふれあいSUN-IN,*ほのぼのSUN-IN,f/w58jfrsn1.png,jr_icons/04_west/sun-in__w58jfrsn1.png
JR西日本,*ふれあいSUN-IN,*ほのぼのSUN-IN,f/w58jhnsn1.png,jr_icons/04_west/sun-in__w58jhnsn1.png
JR西日本,"*ビバウエスト,みやび","*Viva West



2022/12/9 Update",f/w58jhnsn.png,jr_icons/04_west/viva-west-2022-12-9-update__w58jhnsn.png
JR西日本,"*ビバウエスト,みやび","*Viva West



2022/12/9 Update",f/w58jvivw.png,jr_icons/04_west/viva-west-2022-12-9-update__w58jvivw.png
JR西日本,"*ビバウエスト,みやび","*Viva West



2022/12/9 Update",f/w58jvivw1.png,jr_icons/04_west/viva-west-2022-12-9-update__w58jvivw1.png
JR西日本,"*ビバウエスト,みやび","*Viva West



2022/12/9 Update",f/w14jmyb.png,jr_icons/04_west/viva-west-2022-12-9-update__w14jmyb.png
JR四国,四国特急/マリンライナー,"Express ,Marine liner",f/s2700.png,jr_icons/05_shikoku/express-marine-liner__s2700.png
JR四国,四国特急/マリンライナー,"Express ,Marine liner",f/s5001.png,jr_icons/05_shikoku/express-marine-liner__s5001.png
JR四国,四国特急/マリンライナー,"Express ,Marine liner",f/s5000kf.png,jr_icons/05_shikoku/express-marine-liner__s5000kf.png
JR四国,しおかぜ/いしづち,"Shiokaze, Isizuci",f/s8600.png,jr_icons/05_shikoku/shiokaze-isizuci__s8600.png
JR四国,しおかぜ/いしづち,"Shiokaze, Isizuci",f/s8000nn.png,jr_icons/05_shikoku/shiokaze-isizuci__s8000nn.png
JR四国,しおかぜ/いしづち,"Shiokaze, Isizuci",f/s8000knn.png,jr_icons/05_shikoku/shiokaze-isizuci__s8000knn.png
JR四国,しおかぜ/いしづち,"Shiokaze, Isizuci",f/s8000lo.png,jr_icons/05_shikoku/shiokaze-isizuci__s8000lo.png
JR四国,しおかぜ/いしづち,"Shiokaze, Isizuci",f/s8000lr.png,jr_icons/05_shikoku/shiokaze-isizuci__s8000lr.png
JR四国,しおかぜ/いしづち,"Shiokaze, Isizuci",f/s8000lk.png,jr_icons/05_shikoku/shiokaze-isizuci__s8000lk.png
JR四国,しおかぜ/いしづち,"Shiokaze, Isizuci",f/s8000nk.png,jr_icons/05_shikoku/shiokaze-isizuci__s8000nk.png
JR四国,四国内特急,Shikoku express,f/s2000.png,jr_icons/05_shikoku/shikoku-express__s2000.png
JR四国,四国内特急,Shikoku express,f/s2000l.png,jr_icons/05_shikoku/shikoku-express__s2000l.png
JR四国,四国内特急,Shikoku express,f/s2000nl.png,jr_icons/05_shikoku/shikoku-express__s2000nl.png
JR四国,四国内特急,Shikoku express,f/s2003l.png,jr_icons/05_shikoku/shikoku-express__s2003l.png
JR四国,剣山/むろと/予讃,Tsurugisan/Muroto,f/s185.png,jr_icons/05_shikoku/tsurugisan-muroto__s185.png
JR四国,剣山/むろと/予讃,Tsurugisan/Muroto,f/s185tu.png,jr_icons/05_shikoku/tsurugisan-muroto__s185tu.png
JR四国,剣山/むろと/予讃,Tsurugisan/Muroto,f/s185cm.png,jr_icons/05_shikoku/tsurugisan-muroto__s185cm.png
JR四国,予讃線7000,Yosan Line,f/s7000.png,jr_icons/05_shikoku/yosan-line__s7000.png
JR四国,予讃線7000,Yosan Line,f/s7002.png,jr_icons/05_shikoku/yosan-line__s7002.png
JR四国,予讃線7000,Yosan Line,f/s7001.png,jr_icons/05_shikoku/yosan-line__s7001.png
JR四国,予讃線7000,Yosan Line,f/s7003.png,jr_icons/05_shikoku/yosan-line__s7003.png
JR四国,予讃線6000RN/7200,Takamatsu area,f/s6000f.png,jr_icons/05_shikoku/takamatsu-area__s6000f.png
JR四国,予讃線6000RN/7200,Takamatsu area,f/s6000pf.png,jr_icons/05_shikoku/takamatsu-area__s6000pf.png
JR四国,予讃線6000RN/7200,Takamatsu area,f/s7200.png,jr_icons/05_shikoku/takamatsu-area__s7200.png
JR四国,,徳島地区,f/s1200.png,jr_icons/05_shikoku/untitled__s1200.png
JR四国,,徳島地区,f/s1201.png,jr_icons/05_shikoku/untitled__s1201.png
JR四国,,徳島地区,f/s1200n.png,jr_icons/05_shikoku/untitled__s1200n.png
JR四国,,徳島地区,f/s1551.png,jr_icons/05_shikoku/untitled__s1551.png
JR四国,,徳島地区,f/s1500.png,jr_icons/05_shikoku/untitled__s1500.png
JR四国,,徳島地区,f/s1501.png,jr_icons/05_shikoku/untitled__s1501.png
JR四国,,徳島地区,f/s1550.png,jr_icons/05_shikoku/untitled__s1550.png
JR四国,,徳島地区,f/s3600.png,jr_icons/05_shikoku/untitled__s3600.png
JR四国,,四国各線,f/s1000.png,jr_icons/05_shikoku/untitled__s1000.png
JR四国,,四国各線,f/s54.png,jr_icons/05_shikoku/untitled__s54.png
JR四国,,四国各線,f/s54s.png,jr_icons/05_shikoku/untitled__s54s.png
JR四国,,四国各線,f/s40.png,jr_icons/05_shikoku/untitled__s40.png
JR四国,,四国各線,f/s32s.png,jr_icons/05_shikoku/untitled__s32s.png
JR四国,,四国各線,f/s32ns.png,jr_icons/05_shikoku/untitled__s32ns.png
JR四国,アンパンマン列車,Shikoku express,f/s2600ap.png,jr_icons/05_shikoku/shikoku-express__s2600ap.png
JR四国,アンパンマン列車,Shikoku express,f/s2600apb.png,jr_icons/05_shikoku/shikoku-express__s2600apb.png
JR四国,アンパンマン列車,Shikoku express,f/s2700apr.png,jr_icons/05_shikoku/shikoku-express__s2700apr.png
JR四国,アンパンマン列車,Shikoku express,f/s2700apr1.png,jr_icons/05_shikoku/shikoku-express__s2700apr1.png
JR四国,アンパンマン列車,Shikoku express,f/s2700apy.png,jr_icons/05_shikoku/shikoku-express__s2700apy.png
JR四国,アンパンマン列車,Shikoku express,f/s2700apy1.png,jr_icons/05_shikoku/shikoku-express__s2700apy1.png
JR四国,アンパンマン列車,Shikoku express,f/s8000ap.png,jr_icons/05_shikoku/shikoku-express__s8000ap.png
JR四国,アンパンマン列車,Shikoku express,f/s8000lapk.png,jr_icons/05_shikoku/shikoku-express__s8000lapk.png
JR四国,トロッコ車,Open car,f/s185g.png,jr_icons/05_shikoku/open-car__s185g.png
JR四国,トロッコ車,Open car,f/s185g2.png,jr_icons/05_shikoku/open-car__s185g2.png
JR四国,トロッコ車,Open car,f/s32to.png,jr_icons/05_shikoku/open-car__s32to.png
JR四国,トロッコ車,Open car,f/s150000to.png,jr_icons/05_shikoku/open-car__s150000to.png
JR四国,トロッコ車,Open car,f/s185ap1.png,jr_icons/05_shikoku/open-car__s185ap1.png
JR四国,トロッコ車,Open car,f/s32to2.png,jr_icons/05_shikoku/open-car__s32to2.png
JR四国,トロッコ車,Open car,f/s32tog.png,jr_icons/05_shikoku/open-car__s32tog.png
JR四国,トロッコ車,Open car,f/s32to4.png,jr_icons/05_shikoku/open-car__s32to4.png
JR四国,藍よしのがわトロッコ,Tokushima line,f/s185to_ai.png,jr_icons/05_shikoku/tokushima-line__s185to-ai.png
JR四国,藍よしのがわトロッコ,Tokushima line,f/s32to_ai.png,jr_icons/05_shikoku/tokushima-line__s32to-ai.png
JR四国,しまんトロッコ,Yodo line,f/s150001to.png,jr_icons/05_shikoku/yodo-line__s150001to.png
JR四国,しまんトロッコ,Yodo line,f/s54to0y.png,jr_icons/05_shikoku/yodo-line__s54to0y.png
JR四国,しまんトロッコ,Yodo line,f/s54to0ys.png,jr_icons/05_shikoku/yodo-line__s54to0ys.png
JR四国,鉄道ホビートレイン,Yodo line,f/s32tht.png,jr_icons/05_shikoku/yodo-line__s32tht.png
JR四国,鉄道ホビートレイン,Yodo line,f/s32thtk.png,jr_icons/05_shikoku/yodo-line__s32thtk.png
JR四国,伊予灘ものがたり,Iyonada monogartari,f/s185iyoy.png,jr_icons/05_shikoku/iyonada-monogartari__s185iyoy.png
JR四国,伊予灘ものがたり,Iyonada monogartari,f/s185iyor.png,jr_icons/05_shikoku/iyonada-monogartari__s185iyor.png
JR四国,千年ものがたり,Sennen monogartari,f/s185mm1.png,jr_icons/05_shikoku/sennen-monogartari__s185mm1.png
JR四国,千年ものがたり,Sennen monogartari,f/s185mm2.png,jr_icons/05_shikoku/sennen-monogartari__s185mm2.png
JR四国,時代の夜明けの物語,Yoakeno monogatari,f/s185ym1.png,jr_icons/05_shikoku/yoakeno-monogatari__s185ym1.png
JR四国,時代の夜明けの物語,Yoakeno monogatari,f/s185ym2.png,jr_icons/05_shikoku/yoakeno-monogatari__s185ym2.png
JR四国,四国レール輸送車,Dmu 9000,f/s9000.png,jr_icons/05_shikoku/dmu-9000__s9000.png
JR四国,予土線32,Yodo Line,f/s32kpuy1.png,jr_icons/05_shikoku/yodo-line__s32kpuy1.png
JR四国,予土線32,Yodo Line,f/s32kpuy2.png,jr_icons/05_shikoku/yodo-line__s32kpuy2.png
JR四国,予土線32,Yodo Line,f/s32oni1.png,jr_icons/05_shikoku/yodo-line__s32oni1.png
JR四国,予土線32,Yodo Line,f/s32oni1k.png,jr_icons/05_shikoku/yodo-line__s32oni1k.png
JR四国,えきちゃん号,おさんぽなんよ,f/s32smek1.png,jr_icons/05_shikoku/untitled__s32smek1.png
JR四国,えきちゃん号,おさんぽなんよ,f/s54nany1.png,jr_icons/05_shikoku/untitled__s54nany1.png
JR四国,えきちゃん号,おさんぽなんよ,f/s54nany2.png,jr_icons/05_shikoku/untitled__s54nany2.png
JR四国,試作車/*,Shiokaze 8000/*,f/s8001nr.png,jr_icons/05_shikoku/shiokaze-8000__s8001nr.png
JR四国,試作車/*,Shiokaze 8000/*,f/s8000p.png,jr_icons/05_shikoku/shiokaze-8000__s8000p.png
JR四国,*四国内特急,*Shikoku express,f/s2000g.png,jr_icons/05_shikoku/shikoku-express__s2000g.png
JR四国,*四国内特急,*Shikoku express,f/s2000n.png,jr_icons/05_shikoku/shikoku-express__s2000n.png
JR四国,*四国内特急,*Shikoku express,f/s2000-3.png,jr_icons/05_shikoku/shikoku-express__s2000-3.png
JR四国,特急ラッピング前,Express 2600/2700,f/s2600.png,jr_icons/05_shikoku/express-2600-2700__s2600.png
JR四国,特急ラッピング前,Express 2600/2700,f/s2700r.png,jr_icons/05_shikoku/express-2600-2700__s2700r.png
JR四国,*高松地区6000,*Takamatsu area,f/s6001.png,jr_icons/05_shikoku/takamatsu-area__s6001.png
JR四国,*高松地区6000,*Takamatsu area,f/s6001p.png,jr_icons/05_shikoku/takamatsu-area__s6001p.png
JR四国,*高松地区6000,*Takamatsu area,f/s6000.png,jr_icons/05_shikoku/takamatsu-area__s6000.png
JR四国,*高松地区6000,*Takamatsu area,f/s6000p.png,jr_icons/05_shikoku/takamatsu-area__s6000p.png
JR四国,*マリンライナー5000,*Marine liner,f/s5000.png,jr_icons/05_shikoku/marine-liner__s5000.png
JR四国,*しおかぜ/いしづち,*Shiokaze/Ishizuchi,f/s8000no.png,jr_icons/05_shikoku/shiokaze-ishizuchi__s8000no.png
JR四国,*しおかぜ/いしづち,*Shiokaze/Ishizuchi,f/s8000nr.png,jr_icons/05_shikoku/shiokaze-ishizuchi__s8000nr.png
JR四国,*しおかぜ/いしづち,*Shiokaze/Ishizuchi,f/s8000.png,jr_icons/05_shikoku/shiokaze-ishizuchi__s8000.png
JR四国,*しおかぜ/いしづち,*Shiokaze/Ishizuchi,f/s8000k.png,jr_icons/05_shikoku/shiokaze-ishizuchi__s8000k.png
JR四国,*試作車TSE,"*Shikoku express




<
	JR西日本
｜
	JR九州
>

	
	
	1
	2
	大


2026/3/27 Update",f/s2000gp1.png,jr_icons/05_shikoku/shikoku-express-jr-jr-1-2-2026-3-27-update__s2000gp1.png
JR四国,*試作車TSE,"*Shikoku express




<
	JR西日本
｜
	JR九州
>

	
	
	1
	2
	大


2026/3/27 Update",f/s2000gp.png,jr_icons/05_shikoku/shikoku-express-jr-jr-1-2-2026-3-27-update__s2000gp.png
JR四国,*試作車TSE,"*Shikoku express




<
	JR西日本
｜
	JR九州
>

	
	
	1
	2
	大


2026/3/27 Update",f/s2000p1.png,jr_icons/05_shikoku/shikoku-express-jr-jr-1-2-2026-3-27-update__s2000p1.png
JR四国,*試作車TSE,"*Shikoku express




<
	JR西日本
｜
	JR九州
>

	
	
	1
	2
	大


2026/3/27 Update",f/s2000p.png,jr_icons/05_shikoku/shikoku-express-jr-jr-1-2-2026-3-27-update__s2000p.png
JR四国,*台鉄ラッピング,*Shiokaze/Ishizuchi,f/s8001.png,jr_icons/05_shikoku/shiokaze-ishizuchi__s8001.png
JR四国,*台鉄ラッピング,*Shiokaze/Ishizuchi,f/s8001k.png,jr_icons/05_shikoku/shiokaze-ishizuchi__s8001k.png
JR四国,*四国内特急,*Shikoku express,f/s2000ganp1.png,jr_icons/05_shikoku/shikoku-express__s2000ganp1.png
JR四国,*四国内特急,*Shikoku express,f/s2000ganp2.png,jr_icons/05_shikoku/shikoku-express__s2000ganp2.png
JR四国,*四国内特急,*Shikoku express,f/s2000ganp3.png,jr_icons/05_shikoku/shikoku-express__s2000ganp3.png
JR四国,*四国内特急,*Shikoku express,f/s2000ganp-mb.png,jr_icons/05_shikoku/shikoku-express__s2000ganp-mb.png
JR四国,*四国内特急,*Shikoku express,f/s2000ganp-mp.png,jr_icons/05_shikoku/shikoku-express__s2000ganp-mp.png
JR四国,*四国内特急,*Shikoku express,f/s2000anp5.png,jr_icons/05_shikoku/shikoku-express__s2000anp5.png
JR四国,*四国内特急,*Shikoku express,f/s2002a.png,jr_icons/05_shikoku/shikoku-express__s2002a.png
JR四国,*四国内特急,*Shikoku express,f/s2000-2.png,jr_icons/05_shikoku/shikoku-express__s2000-2.png
JR四国,四国内特急/*,Shikoku express/*,f/s2001av.png,jr_icons/05_shikoku/shikoku-express__s2001av.png
JR四国,四国内特急/*,Shikoku express/*,f/s2001ar.png,jr_icons/05_shikoku/shikoku-express__s2001ar.png
JR四国,四国内特急/*,Shikoku express/*,f/s2001ay.png,jr_icons/05_shikoku/shikoku-express__s2001ay.png
JR四国,四国内特急/*,Shikoku express/*,f/s2001ag.png,jr_icons/05_shikoku/shikoku-express__s2001ag.png
JR四国,四国内特急/*,Shikoku express/*,f/s2000anp-mg.png,jr_icons/05_shikoku/shikoku-express__s2000anp-mg.png
JR四国,四国内特急/*,Shikoku express/*,f/s2000anp6.png,jr_icons/05_shikoku/shikoku-express__s2000anp6.png
JR四国,四国内特急/*,Shikoku express/*,f/s2000anp4.png,jr_icons/05_shikoku/shikoku-express__s2000anp4.png
JR四国,四国内特急/*,Shikoku express/*,f/s2000anp-my.png,jr_icons/05_shikoku/shikoku-express__s2000anp-my.png
JR四国,*四国試験色,"*Shikoku area
過去車両(国鉄型)",f/s1000r.png,jr_icons/05_shikoku/shikoku-area__s1000r.png
JR四国,*伊予灘ものがたり,*Iyonada monogartari,f/s40iyor.png,jr_icons/05_shikoku/iyonada-monogartari__s40iyor.png
JR四国,*伊予灘ものがたり,*Iyonada monogartari,f/s40iyoy.png,jr_icons/05_shikoku/iyonada-monogartari__s40iyoy.png
JR四国,*志国高知 幕末維新号,*Bakumatsu ishin,f/s185to3.png,jr_icons/05_shikoku/bakumatsu-ishin__s185to3.png
JR四国,*志国高知 幕末維新号,*Bakumatsu ishin,f/s32to3.png,jr_icons/05_shikoku/bakumatsu-ishin__s32to3.png
JR四国,"*I Loveしまんと,あい","*Shimanto, Ai",f/s185sm.png,jr_icons/05_shikoku/shimanto-ai__s185sm.png
JR四国,"*I Loveしまんと,あい","*Shimanto, Ai",f/s185ai.png,jr_icons/05_shikoku/shimanto-ai__s185ai.png
JR四国,*しまんと181,*Shikoku express,f/s181.png,jr_icons/05_shikoku/shikoku-express__s181.png
JR四国,*アイランドExp,*Island exp.,f/de10jiskk.png,jr_icons/05_shikoku/island-exp__de10jiskk.png
JR四国,*アイランドExp,*Island exp.,f/s12jiskk.png,jr_icons/05_shikoku/island-exp__s12jiskk.png
JR四国,*アイランドExp,*Island exp.,f/s50jiskkk.png,jr_icons/05_shikoku/island-exp__s50jiskkk.png
JR四国,*アイランドExp,*Island exp.,f/s50jiskk.png,jr_icons/05_shikoku/island-exp__s50jiskk.png
JR四国,*予讃線,*Yosan Line,f/s121r.png,jr_icons/05_shikoku/yosan-line__s121r.png
JR四国,*予讃線,*Yosan Line,f/s121.png,jr_icons/05_shikoku/yosan-line__s121.png
JR四国,*予讃線,*Yosan Line,f/s121n.png,jr_icons/05_shikoku/yosan-line__s121n.png
JR四国,*予讃線,*Yosan Line,f/s121pbnb.png,jr_icons/05_shikoku/yosan-line__s121pbnb.png
JR四国,*予讃線,*Yosan Line,f/s111.png,jr_icons/05_shikoku/yosan-line__s111.png
JR四国,*予讃線,*Yosan Line,f/s111m.png,jr_icons/05_shikoku/yosan-line__s111m.png
JR四国,*予讃線,*Yosan Line,f/s111a.png,jr_icons/05_shikoku/yosan-line__s111a.png
JR四国,*予讃線,*Yosan Line,f/s111sh.png,jr_icons/05_shikoku/yosan-line__s111sh.png
JR四国,*予讃線,*Yosan Line,f/s113bl.png,jr_icons/05_shikoku/yosan-line__s113bl.png
JR四国,*予讃線,*Yosan Line,f/s113re.png,jr_icons/05_shikoku/yosan-line__s113re.png
JR四国,*予讃線,*Yosan Line,f/s113ye.png,jr_icons/05_shikoku/yosan-line__s113ye.png
JR四国,*四国試験色,*Shikoku area,f/s58bbs.png,jr_icons/05_shikoku/shikoku-area__s58bbs.png
JR四国,*四国試験色,*Shikoku area,f/s40r.png,jr_icons/05_shikoku/shikoku-area__s40r.png
JR四国,*四国試験色,*Shikoku area,f/s65r0.png,jr_icons/05_shikoku/shikoku-area__s65r0.png
JR四国,*四国試験色,*Shikoku area,f/s65r.png,jr_icons/05_shikoku/shikoku-area__s65r.png
JR四国,*四国試験色,*Shikoku area,f/s58p2.png,jr_icons/05_shikoku/shikoku-area__s58p2.png
JR四国,*四国試験色,*Shikoku area,f/s65p2.png,jr_icons/05_shikoku/shikoku-area__s65p2.png
JR四国,*四国試験色,*Shikoku area,f/s65p1.png,jr_icons/05_shikoku/shikoku-area__s65p1.png
JR四国,*四国各線,*Shikoku area,f/s45.png,jr_icons/05_shikoku/shikoku-area__s45.png
JR四国,*四国各線,*Shikoku area,f/s58.png,jr_icons/05_shikoku/shikoku-area__s58.png
JR四国,*四国各線,*Shikoku area,f/s58b.png,jr_icons/05_shikoku/shikoku-area__s58b.png
JR四国,*四国各線,*Shikoku area,f/s58sk.png,jr_icons/05_shikoku/shikoku-area__s58sk.png
JR四国,*四国各線,*Shikoku area,f/s65b.png,jr_icons/05_shikoku/shikoku-area__s65b.png
JR四国,*四国各線,*Shikoku area,f/s65.png,jr_icons/05_shikoku/shikoku-area__s65.png
JR四国,*四国各線,*Shikoku area,f/s20b.png,jr_icons/05_shikoku/shikoku-area__s20b.png
JR四国,*四国各線,*Shikoku area,f/s20.png,jr_icons/05_shikoku/shikoku-area__s20.png
JR四国,*四国各線,*Shikoku area,f/s30.png,jr_icons/05_shikoku/shikoku-area__s30.png
JR四国,*四国各線54/32,*Shikoku area,f/s54r.png,jr_icons/05_shikoku/shikoku-area__s54r.png
JR四国,*四国各線54/32,*Shikoku area,f/s54or.png,jr_icons/05_shikoku/shikoku-area__s54or.png
JR四国,*四国各線54/32,*Shikoku area,f/s32or.png,jr_icons/05_shikoku/shikoku-area__s32or.png
JR四国,*四国各線54/32,*Shikoku area,f/s32re.png,jr_icons/05_shikoku/shikoku-area__s32re.png
JR四国,*四国各線54/32,*Shikoku area,f/s32b2.png,jr_icons/05_shikoku/shikoku-area__s32b2.png
JR四国,*四国各線54/32,*Shikoku area,f/s32bl.png,jr_icons/05_shikoku/shikoku-area__s32bl.png
JR四国,*四国各線54/32,*Shikoku area,f/s32.png,jr_icons/05_shikoku/shikoku-area__s32.png
JR四国,*四国各線54/32,*Shikoku area,f/s32n.png,jr_icons/05_shikoku/shikoku-area__s32n.png
JR四国,*団体/ML高知,*Moonlight Kochi,f/s12re.png,jr_icons/05_shikoku/moonlight-kochi__s12re.png
JR四国,*団体/ML高知,*Moonlight Kochi,f/s12.png,jr_icons/05_shikoku/moonlight-kochi__s12.png
JR四国,*団体/ML高知,*Moonlight Kochi,f/s12bl.png,jr_icons/05_shikoku/moonlight-kochi__s12bl.png
JR四国,*団体/旅立ち,*Charter train,f/s58jre.png,jr_icons/05_shikoku/charter-train__s58jre.png
JR四国,*団体/旅立ち,*Charter train,f/s58jre2.png,jr_icons/05_shikoku/charter-train__s58jre2.png
JR四国,*団体/旅立ち,*Charter train,f/s58jbl.png,jr_icons/05_shikoku/charter-train__s58jbl.png
JR四国,*団体/旅立ち,*Charter train,f/s58jrinb.png,jr_icons/05_shikoku/charter-train__s58jrinb.png
JR四国,*団体/旅立ち,*Charter train,f/s58jtbdt.png,jr_icons/05_shikoku/charter-train__s58jtbdt.png
JR四国,*予土線32,"*Yodo Line





<
	JR西日本
｜
	JR九州
>

	
	
	1
	2
	大


2023/10/6 Update",f/s32uls.png,jr_icons/05_shikoku/yodo-line-jr-jr-1-2-2023-10-6-update__s32uls.png
JR四国,*予土線32,"*Yodo Line





<
	JR西日本
｜
	JR九州
>

	
	
	1
	2
	大


2023/10/6 Update",f/s32ulr.png,jr_icons/05_shikoku/yodo-line-jr-jr-1-2-2023-10-6-update__s32ulr.png
JR四国,*予土線32,"*Yodo Line





<
	JR西日本
｜
	JR九州
>

	
	
	1
	2
	大


2023/10/6 Update",f/s32hb1.png,jr_icons/05_shikoku/yodo-line-jr-jr-1-2-2023-10-6-update__s32hb1.png
JR四国,*予土線32,"*Yodo Line





<
	JR西日本
｜
	JR九州
>

	
	
	1
	2
	大


2023/10/6 Update",f/s32hb2.png,jr_icons/05_shikoku/yodo-line-jr-jr-1-2-2023-10-6-update__s32hb2.png
JR四国,*予土線32,"*Yodo Line





<
	JR西日本
｜
	JR九州
>

	
	
	1
	2
	大


2023/10/6 Update",f/s32hb.png,jr_icons/05_shikoku/yodo-line-jr-jr-1-2-2023-10-6-update__s32hb.png
JR九州,くまモン色,Kyushu area,f/k800km.png,jr_icons/06_kyushu/kyushu-area__k800km.png
JR九州,くまモン色,Kyushu area,f/k200km.png,jr_icons/06_kyushu/kyushu-area__k200km.png
JR九州,筑肥線/鹿児島線,Fukuoka area 307/811,f/k307qpo.png,jr_icons/06_kyushu/fukuoka-area-307-811__k307qpo.png
JR九州,筑肥線/鹿児島線,Fukuoka area 307/811,f/k811qpo.png,jr_icons/06_kyushu/fukuoka-area-307-811__k811qpo.png
JR九州,ななつ星/或る列車,Sevenstars/Aru train,f/df200k7.png,jr_icons/06_kyushu/sevenstars-aru-train__df200k7.png
JR九州,ななつ星/或る列車,Sevenstars/Aru train,f/k77.png,jr_icons/06_kyushu/sevenstars-aru-train__k77.png
JR九州,ななつ星/或る列車,Sevenstars/Aru train,f/k40aru.png,jr_icons/06_kyushu/sevenstars-aru-train__k40aru.png
JR九州,かんぱち・いちろく,Kanpachi Ichiroku,f/k40knpc.png,jr_icons/06_kyushu/kanpachi-ichiroku__k40knpc.png
JR九州,ふたつ星4047/中間,Two Stars 4047,f/k40jft.png,jr_icons/06_kyushu/two-stars-4047__k40jft.png
JR九州,ふたつ星4047/中間,Two Stars 4047,f/k40jftk.png,jr_icons/06_kyushu/two-stars-4047__k40jftk.png
JR九州,36ぷらす3,Around Kyushu train,f/k787-36.png,jr_icons/06_kyushu/around-kyushu-train__k787-36.png
JR九州,九州各線/ソニック,"Kamome, Sonic",f/k787.png,jr_icons/06_kyushu/kamome-sonic__k787.png
JR九州,九州各線/ソニック,"Kamome, Sonic",f/k783s.png,jr_icons/06_kyushu/kamome-sonic__k783s.png
JR九州,九州各線/ソニック,"Kamome, Sonic",f/k885kb.png,jr_icons/06_kyushu/kamome-sonic__k885kb.png
JR九州,九州各線/ソニック,"Kamome, Sonic",f/k885s.png,jr_icons/06_kyushu/kamome-sonic__k885s.png
JR九州,かもめ/ソニック,Kamome/Sonic,f/k883nm.png,jr_icons/06_kyushu/kamome-sonic__k883nm.png
JR九州,かもめ/ソニック,Kamome/Sonic,f/k883n.png,jr_icons/06_kyushu/kamome-sonic__k883n.png
JR九州,かもめ/ソニック,Kamome/Sonic,f/k883n6.png,jr_icons/06_kyushu/kamome-sonic__k883n6.png
JR九州,ハウステンボス783,Huis Ten Bosch,f/k783ha2.png,jr_icons/06_kyushu/huis-ten-bosch__k783ha2.png
JR九州,ハウステンボス783,Huis Ten Bosch,f/k783kha2.png,jr_icons/06_kyushu/huis-ten-bosch__k783kha2.png
JR九州,ハウステンボス783,Huis Ten Bosch,f/k783has.png,jr_icons/06_kyushu/huis-ten-bosch__k783has.png
JR九州,ハウステンボス783,Huis Ten Bosch,f/k783kha.png,jr_icons/06_kyushu/huis-ten-bosch__k783kha.png
JR九州,みどり/あそぼーい！,Midori/Asoboi,f/k783mis.png,jr_icons/06_kyushu/midori-asoboi__k783mis.png
JR九州,みどり/あそぼーい！,Midori/Asoboi,f/k783kmi.png,jr_icons/06_kyushu/midori-asoboi__k783kmi.png
JR九州,みどり/あそぼーい！,Midori/Asoboi,f/k183asb.png,jr_icons/06_kyushu/midori-asoboi__k183asb.png
JR九州,*いさぶろう/しんぺい,かわせみやませみ,f/k147isb.png,jr_icons/06_kyushu/untitled__k147isb.png
JR九州,*いさぶろう/しんぺい,かわせみやませみ,f/k147kws.png,jr_icons/06_kyushu/untitled__k147kws.png
JR九州,*いさぶろう/しんぺい,かわせみやませみ,f/k147yms.png,jr_icons/06_kyushu/untitled__k147yms.png
JR九州,*SL人吉,*SL Hitoyoshi,f/k58654h.png,jr_icons/06_kyushu/sl-hitoyoshi__k58654h.png
JR九州,*SL人吉,*SL Hitoyoshi,f/k58654h2.png,jr_icons/06_kyushu/sl-hitoyoshi__k58654h2.png
JR九州,*SL人吉,*SL Hitoyoshi,f/k50ht.png,jr_icons/06_kyushu/sl-hitoyoshi__k50ht.png
JR九州,"いぶたま,A列,海幸山幸","Ibuatma,Atrain,Umisachi",f/k147ibtm.png,jr_icons/06_kyushu/ibuatma-atrain-umisachi__k147ibtm.png
JR九州,"いぶたま,A列,海幸山幸","Ibuatma,Atrain,Umisachi",f/k147ibtm2.png,jr_icons/06_kyushu/ibuatma-atrain-umisachi__k147ibtm2.png
JR九州,"いぶたま,A列,海幸山幸","Ibuatma,Atrain,Umisachi",f/k185at.png,jr_icons/06_kyushu/ibuatma-atrain-umisachi__k185at.png
JR九州,"いぶたま,A列,海幸山幸","Ibuatma,Atrain,Umisachi",f/k125uy.png,jr_icons/06_kyushu/ibuatma-atrain-umisachi__k125uy.png
JR九州,ゆふ森/九州横断特急,Yufuin/Trans kyushu,f/k72.png,jr_icons/06_kyushu/yufuin-trans-kyushu__k72.png
JR九州,ゆふ森/九州横断特急,Yufuin/Trans kyushu,f/k185.png,jr_icons/06_kyushu/yufuin-trans-kyushu__k185.png
JR九州,ゆふ森/九州横断特急,Yufuin/Trans kyushu,f/k185n.png,jr_icons/06_kyushu/yufuin-trans-kyushu__k185n.png
JR九州,ゆふ森/九州横断特急,Yufuin/Trans kyushu,f/k185yfu.png,jr_icons/06_kyushu/yufuin-trans-kyushu__k185yfu.png
JR九州,ゆふ森/九州横断特急,Yufuin/Trans kyushu,f/k71.png,jr_icons/06_kyushu/yufuin-trans-kyushu__k71.png
JR九州,ゆふ森/九州横断特急,Yufuin/Trans kyushu,f/k185q.png,jr_icons/06_kyushu/yufuin-trans-kyushu__k185q.png
JR九州,ゆふ森/九州横断特急,Yufuin/Trans kyushu,f/k185q2.png,jr_icons/06_kyushu/yufuin-trans-kyushu__k185q2.png
JR九州,ゆふ森/九州横断特急,Yufuin/Trans kyushu,f/k185q3.png,jr_icons/06_kyushu/yufuin-trans-kyushu__k185q3.png
JR九州,九州機関車,DD200 Kyushu area,f/dd200-7.png,jr_icons/06_kyushu/dd200-kyushu-area__dd200-7.png
JR九州,九州機関車,DD200 Kyushu area,f/dd200-7a.png,jr_icons/06_kyushu/dd200-kyushu-area__dd200-7a.png
JR九州,★関門地区501,Kitakyushu area,f/k501.png,jr_icons/06_kyushu/kitakyushu-area__k501.png
JR九州,★関門地区501,Kitakyushu area,f/k501k.png,jr_icons/06_kyushu/kitakyushu-area__k501k.png
JR九州,★筑肥線307,Chikuhi line,f/k307.png,jr_icons/06_kyushu/chikuhi-line__k307.png
JR九州,筑肥線303,Chikuhi line,f/k303f.png,jr_icons/06_kyushu/chikuhi-line__k303f.png
JR九州,筑肥線303,Chikuhi line,f/k303fs.png,jr_icons/06_kyushu/chikuhi-line__k303fs.png
JR九州,筑肥線303,Chikuhi line,f/k303ll.png,jr_icons/06_kyushu/chikuhi-line__k303ll.png
JR九州,筑肥線303,Chikuhi line,f/k303lls.png,jr_icons/06_kyushu/chikuhi-line__k303lls.png
JR九州,筑肥線,Chikuhi Line,f/k305.png,jr_icons/06_kyushu/chikuhi-line__k305.png
JR九州,筑肥線,Chikuhi Line,f/k303.png,jr_icons/06_kyushu/chikuhi-line__k303.png
JR九州,筑肥線,Chikuhi Line,f/k103r2.png,jr_icons/06_kyushu/chikuhi-line__k103r2.png
JR九州,筑肥線,Chikuhi Line,f/k103.png,jr_icons/06_kyushu/chikuhi-line__k103.png
JR九州,*筑肥線103-15,*Chikuhi line,f/k103blj.png,jr_icons/06_kyushu/chikuhi-line__k103blj.png
JR九州,*筑肥線103-15,*Chikuhi line,f/k103k15.png,jr_icons/06_kyushu/chikuhi-line__k103k15.png
JR九州,北九州地区,Fukuoka area,f/k821.png,jr_icons/06_kyushu/fukuoka-area__k821.png
JR九州,北九州地区,Fukuoka area,f/k817-2.png,jr_icons/06_kyushu/fukuoka-area__k817-2.png
JR九州,北九州地区,Fukuoka area,f/k817-11.png,jr_icons/06_kyushu/fukuoka-area__k817-11.png
JR九州,北九州地区,Fukuoka area,f/k817.png,jr_icons/06_kyushu/fukuoka-area__k817.png
JR九州,北九州地区,Fukuoka area,f/k817f.png,jr_icons/06_kyushu/fukuoka-area__k817f.png
JR九州,北九州地区,Fukuoka area,f/k813n1.png,jr_icons/06_kyushu/fukuoka-area__k813n1.png
JR九州,北九州地区,Fukuoka area,f/k813sr.png,jr_icons/06_kyushu/fukuoka-area__k813sr.png
JR九州,北九州地区,Fukuoka area,f/k813.png,jr_icons/06_kyushu/fukuoka-area__k813.png
JR九州,北九州地区,Fukuoka area,f/k811n.png,jr_icons/06_kyushu/fukuoka-area__k811n.png
JR九州,北九州地区,Fukuoka area,f/k811nl.png,jr_icons/06_kyushu/fukuoka-area__k811nl.png
JR九州,北九州地区,Fukuoka area,f/k811s.png,jr_icons/06_kyushu/fukuoka-area__k811s.png
JR九州,鹿児島線/-300*,Kagoshima line,f/k813n1r.png,jr_icons/06_kyushu/kagoshima-line__k813n1r.png
JR九州,鹿児島線/-300*,Kagoshima line,f/k813r3.png,jr_icons/06_kyushu/kagoshima-line__k813r3.png
JR九州,レッドアイ検測車,Red Eye 811,f/k811re.png,jr_icons/06_kyushu/red-eye-811__k811re.png
JR九州,福北ゆたか線,Sasaguri Line,f/k813n.png,jr_icons/06_kyushu/sasaguri-line__k813n.png
JR九州,大分地区415,Oita area,f/k415-0.png,jr_icons/06_kyushu/oita-area__k415-0.png
JR九州,大分地区415,Oita area,f/k415.png,jr_icons/06_kyushu/oita-area__k415.png
JR九州,九州各地区,Kyushu area,f/k40.png,jr_icons/06_kyushu/kyushu-area__k40.png
JR九州,九州各地区,Kyushu area,f/k40a.png,jr_icons/06_kyushu/kyushu-area__k40a.png
JR九州,日田彦山線,Hitah-Hikosan line,f/k147hkm.png,jr_icons/06_kyushu/hitah-hikosan-line__k147hkm.png
JR九州,大分熊本地区,"Oita, Kumamoto",f/k815s.png,jr_icons/06_kyushu/oita-kumamoto__k815s.png
JR九州,大分熊本地区,"Oita, Kumamoto",f/k220.png,jr_icons/06_kyushu/oita-kumamoto__k220.png
JR九州,大分熊本地区,"Oita, Kumamoto",f/k200re.png,jr_icons/06_kyushu/oita-kumamoto__k200re.png
JR九州,大村線,Omura line,f/k1.png,jr_icons/06_kyushu/omura-line__k1.png
JR九州,"指宿,久大,日南線",kyushu area,f/k200ye.png,jr_icons/06_kyushu/kyushu-area__k200ye.png
JR九州,"指宿,久大,日南線",kyushu area,f/k125.png,jr_icons/06_kyushu/kyushu-area__k125.png
JR九州,"指宿,久大,日南線",kyushu area,f/k40ye.png,jr_icons/06_kyushu/kyushu-area__k40ye.png
JR九州,宮崎地区/香椎/若松線,"Miyazaki, Kashii",f/k713sn.png,jr_icons/06_kyushu/miyazaki-kashii__k713sn.png
JR九州,宮崎地区/香椎/若松線,"Miyazaki, Kashii",f/k819.png,jr_icons/06_kyushu/miyazaki-kashii__k819.png
JR九州,佐賀地区やきもの園,Karatsu line,f/k125yak.png,jr_icons/06_kyushu/karatsu-line__k125yak.png
JR九州,長崎本線47,Nagasaki line,f/k40km.png,jr_icons/06_kyushu/nagasaki-line__k40km.png
JR九州,検測車BIG EYE,Rail inspection,f/k200big1.png,jr_icons/06_kyushu/rail-inspection__k200big1.png
JR九州,検測車BIG EYE,Rail inspection,f/k200big2.png,jr_icons/06_kyushu/rail-inspection__k200big2.png
JR九州,*肥薩線200,*Hisatsu line,f/k200r11.png,jr_icons/06_kyushu/hisatsu-line__k200r11.png
JR九州,筑肥線305LED灯,Chikuhi line,f/k305l.png,jr_icons/06_kyushu/chikuhi-line__k305l.png
JR九州,鹿児島本線LED灯,Kagoshima line,f/k813r.png,jr_icons/06_kyushu/kagoshima-line__k813r.png
JR九州,鹿児島本線LED灯,Kagoshima line,f/k815l.png,jr_icons/06_kyushu/kagoshima-line__k815l.png
JR九州,鹿児島本線LED灯,"Kagoshima line





<
	JR四国
｜
	JR貨物
>

	
	
	1
	2
	3
	大


2026/8/7 Update",f/k817l.png,jr_icons/06_kyushu/kagoshima-line-jr-jr-1-2-3-2026-8-7-update__k817l.png
JR九州,鹿児島本線LED灯,"Kagoshima line





<
	JR四国
｜
	JR貨物
>

	
	
	1
	2
	3
	大


2026/8/7 Update",f/k819l.png,jr_icons/06_kyushu/kagoshima-line-jr-jr-1-2-3-2026-8-7-update__k819l.png
JR九州,,*HTBみどりかもめ,f/k783ha.png,jr_icons/06_kyushu/htb__k783ha.png
JR九州,,*HTBみどりかもめ,f/k783mi.png,jr_icons/06_kyushu/htb__k783mi.png
JR九州,,*HTBみどりかもめ,f/k783hpb.png,jr_icons/06_kyushu/htb__k783hpb.png
JR九州,,*HTBみどりかもめ,f/k783hpr.png,jr_icons/06_kyushu/htb__k783hpr.png
JR九州,,*HTBみどりかもめ,f/k783kha1.png,jr_icons/06_kyushu/htb__k783kha1.png
JR九州,,*HTBみどりかもめ,f/k783kmi1.png,jr_icons/06_kyushu/htb__k783kmi1.png
JR九州,,*HTBみどりかもめ,f/k783hp.png,jr_icons/06_kyushu/htb__k783hp.png
JR九州,,*HTBみどりかもめ,f/k885.png,jr_icons/06_kyushu/htb__k885.png
JR九州,,*HTBみどりかもめ,f/k485km.png,jr_icons/06_kyushu/htb__k485km.png
JR九州,,*HTBみどりかもめ,f/k485md.png,jr_icons/06_kyushu/htb__k485md.png
JR九州,,*HTBみどりかもめ,f/k485ha.png,jr_icons/06_kyushu/htb__k485ha.png
JR九州,"*つばめ,有明旧排障",*Relay Tsubame,f/k787tun.png,jr_icons/06_kyushu/relay-tsubame__k787tun.png
JR九州,"*つばめ,有明旧排障",*Relay Tsubame,f/k787arn.png,jr_icons/06_kyushu/relay-tsubame__k787arn.png
JR九州,"*つばめ,有明旧排障",*Relay Tsubame,f/k787tu.png,jr_icons/06_kyushu/relay-tsubame__k787tu.png
JR九州,"*つばめ,有明旧排障",*Relay Tsubame,f/k787ar.png,jr_icons/06_kyushu/relay-tsubame__k787ar.png
JR九州,"*つばめ,有明旧排障",*Relay Tsubame,f/k783km.png,jr_icons/06_kyushu/relay-tsubame__k783km.png
JR九州,"*つばめ,有明旧排障",*Relay Tsubame,f/k783.png,jr_icons/06_kyushu/relay-tsubame__k783.png
JR九州,"*つばめ,有明旧排障",*Relay Tsubame,f/k485re-b.png,jr_icons/06_kyushu/relay-tsubame__k485re-b.png
JR九州,"*つばめ,有明旧排障",*Relay Tsubame,f/k485re.png,jr_icons/06_kyushu/relay-tsubame__k485re.png
JR九州,*ソニック,*Sonic,f/k883b.png,jr_icons/06_kyushu/sonic__k883b.png
JR九州,*ソニック,*Sonic,f/k883s.png,jr_icons/06_kyushu/sonic__k883s.png
JR九州,*ソニック,*Sonic,f/k883ob.png,jr_icons/06_kyushu/sonic__k883ob.png
JR九州,*ソニック,*Sonic,f/k883os.png,jr_icons/06_kyushu/sonic__k883os.png
JR九州,*ソニック,*Sonic,f/k883r.png,jr_icons/06_kyushu/sonic__k883r.png
JR九州,*ソニック,*Sonic,f/k883-2.png,jr_icons/06_kyushu/sonic__k883-2.png
JR九州,*ソニック,*Sonic,f/k883.png,jr_icons/06_kyushu/sonic__k883.png
JR九州,*ソニック,*Sonic,f/k883y.png,jr_icons/06_kyushu/sonic__k883y.png
JR九州,*ソニック,*Sonic,f/k883or.png,jr_icons/06_kyushu/sonic__k883or.png
JR九州,*ソニック,*Sonic,f/k883o-2.png,jr_icons/06_kyushu/sonic__k883o-2.png
JR九州,*ソニック,*Sonic,f/k883o.png,jr_icons/06_kyushu/sonic__k883o.png
JR九州,*ソニック,*Sonic,f/k883oy.png,jr_icons/06_kyushu/sonic__k883oy.png
JR九州,*きりしま/ひゅうが,*Kirishima & Hyuga,f/k485j.png,jr_icons/06_kyushu/kirishima-hyuga__k485j.png
JR九州,*きりしま/ひゅうが,*Kirishima & Hyuga,f/k485ki.png,jr_icons/06_kyushu/kirishima-hyuga__k485ki.png
JR九州,*きりしま/ひゅうが,*Kirishima & Hyuga,f/k485kh.png,jr_icons/06_kyushu/kirishima-hyuga__k485kh.png
JR九州,*北九州地区,*Fukuoka area,f/k813o.png,jr_icons/06_kyushu/fukuoka-area__k813o.png
JR九州,*北九州地区,*Fukuoka area,f/k811.png,jr_icons/06_kyushu/fukuoka-area__k811.png
JR九州,*筑肥線,*Chikuhi Line,f/k303o2.png,jr_icons/06_kyushu/chikuhi-line__k303o2.png
JR九州,*筑肥線,*Chikuhi Line,f/k303o.png,jr_icons/06_kyushu/chikuhi-line__k303o.png
JR九州,*筑肥線,*Chikuhi Line,f/k103r1.png,jr_icons/06_kyushu/chikuhi-line__k103r1.png
JR九州,*大村線,*Omura line,f/k200bl.png,jr_icons/06_kyushu/omura-line__k200bl.png
JR九州,*大村線,*Omura line,f/k220b.png,jr_icons/06_kyushu/omura-line__k220b.png
JR九州,*大村線,*Omura line,f/k66htb.png,jr_icons/06_kyushu/omura-line__k66htb.png
JR九州,*大村線,*Omura line,f/k200htb.png,jr_icons/06_kyushu/omura-line__k200htb.png
JR九州,*大村線,*Omura line,f/k66ssl.png,jr_icons/06_kyushu/omura-line__k66ssl.png
JR九州,*大村線,*Omura line,f/k58ssl.png,jr_icons/06_kyushu/omura-line__k58ssl.png
JR九州,*大村線,*Omura line,f/k65ssl.png,jr_icons/06_kyushu/omura-line__k65ssl.png
JR九州,*大村線,*Omura line,f/k58ssl2.png,jr_icons/06_kyushu/omura-line__k58ssl2.png
JR九州,*大村線,*Omura line,f/k65ssl2.png,jr_icons/06_kyushu/omura-line__k65ssl2.png
JR九州,,*えびの/由布,f/k58kmhf.png,jr_icons/06_kyushu/untitled__k58kmhf.png
JR九州,,*えびの/由布,f/k58km.png,jr_icons/06_kyushu/untitled__k58km.png
JR九州,,*えびの/由布,f/k65km.png,jr_icons/06_kyushu/untitled__k65km.png
JR九州,,*えびの/由布,f/k65ex1.png,jr_icons/06_kyushu/untitled__k65ex1.png
JR九州,,*えびの/由布,f/k58ex1.png,jr_icons/06_kyushu/untitled__k58ex1.png
JR九州,*九州各線,*Kyushu area,f/k66.png,jr_icons/06_kyushu/kyushu-area__k66.png
JR九州,*九州各線,*Kyushu area,f/k45.png,jr_icons/06_kyushu/kyushu-area__k45.png
JR九州,*九州各線,*Kyushu area,f/k52a.png,jr_icons/06_kyushu/kyushu-area__k52a.png
JR九州,*九州各線,*Kyushu area,f/k52b.png,jr_icons/06_kyushu/kyushu-area__k52b.png
JR九州,*九州各線,*Kyushu area,f/k30.png,jr_icons/06_kyushu/kyushu-area__k30.png
JR九州,*九州各線,*Kyushu area,f/k52.png,jr_icons/06_kyushu/kyushu-area__k52.png
JR九州,*九州各線,*Kyushu area,f/k52w.png,jr_icons/06_kyushu/kyushu-area__k52w.png
JR九州,*九州各線,*Kyushu area,f/k35.png,jr_icons/06_kyushu/kyushu-area__k35.png
JR九州,*長崎本線,Nagasaki Line,f/k58.png,jr_icons/06_kyushu/nagasaki-line__k58.png
JR九州,*長崎本線,Nagasaki Line,f/k58hf.png,jr_icons/06_kyushu/nagasaki-line__k58hf.png
JR九州,*長崎本線,Nagasaki Line,f/k58_.png,jr_icons/06_kyushu/nagasaki-line__k58-1.png
JR九州,*長崎本線,Nagasaki Line,f/k58sk.png,jr_icons/06_kyushu/nagasaki-line__k58sk.png
JR九州,*長崎本線,Nagasaki Line,f/k715h.png,jr_icons/06_kyushu/nagasaki-line__k715h.png
JR九州,*長崎本線,Nagasaki Line,f/k715l.png,jr_icons/06_kyushu/nagasaki-line__k715l.png
JR九州,*九州地区475,*Kyushu area,f/k475d.png,jr_icons/06_kyushu/kyushu-area__k475d.png
JR九州,*九州地区475,*Kyushu area,f/k475d1.png,jr_icons/06_kyushu/kyushu-area__k475d1.png
JR九州,*大分熊本地区,"*Oita, Kumamoto",f/k815.png,jr_icons/06_kyushu/oita-kumamoto__k815.png
JR九州,*大分熊本地区,"*Oita, Kumamoto",f/k31sk.png,jr_icons/06_kyushu/oita-kumamoto__k31sk.png
JR九州,*大分熊本地区,"*Oita, Kumamoto",f/k31.png,jr_icons/06_kyushu/oita-kumamoto__k31.png
JR九州,*香椎線,Kashii line,f/k40aq.png,jr_icons/06_kyushu/kashii-line__k40aq.png
JR九州,小倉工安全技能伝車,"Working car




<
	JR四国
｜
	JR貨物
>

	
	
	1
	2
	3
	大


2025/12/12 Update",f/k415w.png,jr_icons/06_kyushu/working-car-jr-jr-1-2-3-2025-12-12-update__k415w.png
JR九州,小倉工安全技能伝車,"Working car




<
	JR四国
｜
	JR貨物
>

	
	
	1
	2
	3
	大


2025/12/12 Update",f/k415rr.png,jr_icons/06_kyushu/working-car-jr-jr-1-2-3-2025-12-12-update__k415rr.png
JR九州,小倉工安全技能伝車,"Working car




<
	JR四国
｜
	JR貨物
>

	
	
	1
	2
	3
	大


2025/12/12 Update",f/k415rw.png,jr_icons/06_kyushu/working-car-jr-jr-1-2-3-2025-12-12-update__k415rw.png
JR九州,小倉工安全技能伝車,"Working car




<
	JR四国
｜
	JR貨物
>

	
	
	1
	2
	3
	大


2025/12/12 Update",f/k415wr.png,jr_icons/06_kyushu/working-car-jr-jr-1-2-3-2025-12-12-update__k415wr.png
JR九州,*はやとの風,*Hayatono Kaze,f/k147hyt.png,jr_icons/06_kyushu/hayatono-kaze__k147hyt.png
JR九州,*ゆふ森II/ゆふDX,*Yufuinnomori/Yufu DX,f/k183jym2.png,jr_icons/06_kyushu/yufuinnomori-yufu-dx__k183jym2.png
JR九州,*ゆふ森II/ゆふDX,*Yufuinnomori/Yufu DX,f/k183jyf.png,jr_icons/06_kyushu/yufuinnomori-yufu-dx__k183jyf.png
JR九州,*ゆふ森II/ゆふDX,*Yufuinnomori/Yufu DX,f/k183jyfy.png,jr_icons/06_kyushu/yufuinnomori-yufu-dx__k183jyfy.png
JR九州,*シーボルト/オランダ村特急,*SIEBOLD express,f/k183jsb.png,jr_icons/06_kyushu/siebold-express__k183jsb.png
JR九州,*シーボルト/オランダ村特急,*SIEBOLD express,f/k183jord.png,jr_icons/06_kyushu/siebold-express__k183jord.png
JR九州,*アクアエクスプレス,*Aqua Express,f/k58jae.png,jr_icons/06_kyushu/aqua-express__k58jae.png
JR九州,*アクアエクスプレス,*Aqua Express,f/k58jae2.png,jr_icons/06_kyushu/aqua-express__k58jae2.png
JR九州,*あそBOY,*SL Aso Boy,f/k50jaso.png,jr_icons/06_kyushu/sl-aso-boy__k50jaso.png
JR九州,*あそBOY,*SL Aso Boy,f/k58654r.png,jr_icons/06_kyushu/sl-aso-boy__k58654r.png
JR九州,*なのはなDX,*Nanohana DX,f/k200yedx.png,jr_icons/06_kyushu/nanohana-dx__k200yedx.png
JR九州,*なのはなDX,*Nanohana DX,f/k200yedx2.png,jr_icons/06_kyushu/nanohana-dx__k200yedx2.png
JR九州,*三角線トロッコ,*Misumi line,f/k70000b.png,jr_icons/06_kyushu/misumi-line__k70000b.png
JR九州,*三角線トロッコ,*Misumi line,f/k70000bw.png,jr_icons/06_kyushu/misumi-line__k70000bw.png
JR九州,*三角線トロッコ,*Misumi line,f/k70000r.png,jr_icons/06_kyushu/misumi-line__k70000r.png
JR九州,*三角線トロッコ,*Misumi line,f/k70000rw.png,jr_icons/06_kyushu/misumi-line__k70000rw.png
JR九州,*あそ1962/トロQ,"*Aso1962,Toro-q",f/k58aso.png,jr_icons/06_kyushu/aso1962-toro-q__k58aso.png
JR九州,*あそ1962/トロQ,"*Aso1962,Toro-q",f/k58trq.png,jr_icons/06_kyushu/aso1962-toro-q__k58trq.png
JR九州,*あそ1962/トロQ,"*Aso1962,Toro-q",f/k65trq.png,jr_icons/06_kyushu/aso1962-toro-q__k65trq.png
JR九州,*あそ1962/トロQ,"*Aso1962,Toro-q",f/k70000trq.png,jr_icons/06_kyushu/aso1962-toro-q__k70000trq.png
JR九州,,*JT大分/長崎,f/k58jtoit.png,jr_icons/06_kyushu/jt__k58jtoit.png
JR九州,,*JT大分/長崎,f/k58jtngb.png,jr_icons/06_kyushu/jt__k58jtngb.png
JR九州,,*JT大分/長崎,f/k58jtngr.png,jr_icons/06_kyushu/jt__k58jtngr.png
JR九州,,*JT大分/長崎,f/k58jkchm.png,jr_icons/06_kyushu/jt__k58jkchm.png
JR九州,,*JT大分/長崎,f/k58jrkd1.png,jr_icons/06_kyushu/jt__k58jrkd1.png
JR九州,,*JT大分/長崎,f/k58jrkd2.png,jr_icons/06_kyushu/jt__k58jrkd2.png
JR九州,,"*大村,日南,鹿児",f/k58ha.png,jr_icons/06_kyushu/untitled__k58ha.png
JR九州,,"*大村,日南,鹿児",f/k40wkb1.png,jr_icons/06_kyushu/untitled__k40wkb1.png
JR九州,,"*大村,日南,鹿児",f/k40wkb2.png,jr_icons/06_kyushu/untitled__k40wkb2.png
JR九州,,"*大村,日南,鹿児",f/k811su2.png,jr_icons/06_kyushu/untitled__k811su2.png
JR九州,,"*大村,日南,鹿児",f/k811su1.png,jr_icons/06_kyushu/untitled__k811su1.png
JR九州,,"*大村,日南,鹿児",f/k811mt.png,jr_icons/06_kyushu/untitled__k811mt.png
JR九州,,*シュプール/DE10,f/k12jumi1.png,jr_icons/06_kyushu/de10__k12jumi1.png
JR九州,,*シュプール/DE10,f/k12jumym.png,jr_icons/06_kyushu/de10__k12jumym.png
JR九州,,*シュプール/DE10,f/k12w.png,jr_icons/06_kyushu/de10__k12w.png
JR九州,,*シュプール/DE10,f/de10kex.png,jr_icons/06_kyushu/de10__de10kex.png
JR九州,,*シュプール/DE10,f/de10khp.png,jr_icons/06_kyushu/de10__de10khp.png
JR九州,お召し列車,DMU 185,f/k185sp.png,jr_icons/06_kyushu/dmu-185__k185sp.png
JR九州,お召し列車,DMU 185,f/k185sp0.png,jr_icons/06_kyushu/dmu-185__k185sp0.png
JR九州,*サザンクロス,*Southern Cross,f/k12jszx.png,jr_icons/06_kyushu/southern-cross__k12jszx.png
JR九州,*サザンクロス,*Southern Cross,f/ed76jszx.png,jr_icons/06_kyushu/southern-cross__ed76jszx.png
JR九州,*サザンクロス,*Southern Cross,f/ed76jszx1.png,jr_icons/06_kyushu/southern-cross__ed76jszx1.png
JR九州,*ひのくに/キジ馬,"*Kijiuma, Hinokuni",f/k58jsehk.png,jr_icons/06_kyushu/kijiuma-hinokuni__k58jsehk.png
JR九州,*ひのくに/キジ馬,"*Kijiuma, Hinokuni",f/k58jkjum.png,jr_icons/06_kyushu/kijiuma-hinokuni__k58jkjum.png
JR九州,*しらぬい/ブンブン,*ゆ〜とぴあ,f/k58jsrni.png,jr_icons/06_kyushu/untitled__k58jsrni.png
JR九州,*しらぬい/ブンブン,*ゆ〜とぴあ,f/k58jsrnik.png,jr_icons/06_kyushu/untitled__k58jsrnik.png
JR九州,*しらぬい/ブンブン,*ゆ〜とぴあ,f/k58jbnbn.png,jr_icons/06_kyushu/untitled__k58jbnbn.png
JR九州,*しらぬい/ブンブン,*ゆ〜とぴあ,f/k58jytpa.png,jr_icons/06_kyushu/untitled__k58jytpa.png
JR九州,DE10機関車,DL DE10,f/de10-1753.png,jr_icons/06_kyushu/dl-de10__de10-1753.png
JR九州,DE10機関車,DL DE10,f/de10-1755.png,jr_icons/06_kyushu/dl-de10__de10-1755.png
JR九州,事業用車,*Working Car,f/k34jg.png,jr_icons/06_kyushu/working-car__k34jg.png
JR九州,事業用車,*Working Car,f/k34jg2.png,jr_icons/06_kyushu/working-car__k34jg2.png
JR九州,*ふれあいGO,*サルーンExp,f/k58jfgo.png,jr_icons/06_kyushu/exp__k58jfgo.png
JR九州,*ふれあいGO,*サルーンExp,f/k58jsrex.png,jr_icons/06_kyushu/exp__k58jsrex.png
JR九州,*試験塗装,*Test Color,f/k58p1.png,jr_icons/06_kyushu/test-color__k58p1.png
JR九州,*試験塗装,*Test Color,f/k40p1.png,jr_icons/06_kyushu/test-color__k40p1.png
JR九州,*よかトピア号,*Kagoshima Line,f/k415ykt.png,jr_icons/06_kyushu/kagoshima-line__k415ykt.png
JR九州,*とびうめ国体415,"*Kagoshima line




<
	JR四国
｜
	JR貨物
>

	
	
	1
	2
	3
	大


2026/2/13 Update",f/k415tbum.png,jr_icons/06_kyushu/kagoshima-line-jr-jr-1-2-3-2026-2-13-update__k415tbum.png
JR貨物,EH200ブルーサンダー,emu250レールカーゴ,f/eh200.png,jr_icons/07_freight/emu250__eh200.png
JR貨物,EH200ブルーサンダー,emu250レールカーゴ,f/eh200s.png,jr_icons/07_freight/emu250__eh200s.png
JR貨物,EH200ブルーサンダー,emu250レールカーゴ,f/mc250.png,jr_icons/07_freight/emu250__mc250.png
JR貨物,EH200ブルーサンダー,emu250レールカーゴ,f/mc250sg.png,jr_icons/07_freight/emu250__mc250sg.png
JR貨物,レッドサンダー,EL EF510,f/ef510.png,jr_icons/07_freight/el-ef510__ef510.png
JR貨物,レッドサンダー,EL EF510,f/ef510s.png,jr_icons/07_freight/el-ef510__ef510s.png
JR貨物,レッドサンダー,EL EF510,f/ef510e5.png,jr_icons/07_freight/el-ef510__ef510e5.png
JR貨物,レッドサンダー,EL EF510,f/ef510f5.png,jr_icons/07_freight/el-ef510__ef510f5.png
JR貨物,レッドサンダー,EL EF510,f/ef510s3.png,jr_icons/07_freight/el-ef510__ef510s3.png
JR貨物,金太郎/青函,EH500/EH800,f/eh500-1.png,jr_icons/07_freight/eh500-eh800__eh500-1.png
JR貨物,金太郎/青函,EH500/EH800,f/eh500-2.png,jr_icons/07_freight/eh500-eh800__eh500-2.png
JR貨物,金太郎/青函,EH500/EH800,f/eh500-3.png,jr_icons/07_freight/eh500-eh800__eh500-3.png
JR貨物,金太郎/青函,EH500/EH800,f/eh500l3.png,jr_icons/07_freight/eh500-eh800__eh500l3.png
JR貨物,金太郎/青函,EH500/EH800,f/eh500p.png,jr_icons/07_freight/eh500-eh800__eh500p.png
JR貨物,金太郎/青函,EH500/EH800,f/eh500p1.png,jr_icons/07_freight/eh500-eh800__eh500p1.png
JR貨物,金太郎/青函,EH500/EH800,f/eh800.png,jr_icons/07_freight/eh500-eh800__eh800.png
JR貨物,東海道/EP桃太郎,EL EF200/EF210,f/ef200n.png,jr_icons/07_freight/el-ef200-ef210__ef200n.png
JR貨物,東海道/EP桃太郎,EL EF200/EF210,f/ef200.png,jr_icons/07_freight/el-ef200-ef210__ef200.png
JR貨物,東海道/EP桃太郎,EL EF200/EF210,f/ef210.png,jr_icons/07_freight/el-ef200-ef210__ef210.png
JR貨物,東海道/EP桃太郎,EL EF200/EF210,f/ef210a.png,jr_icons/07_freight/el-ef200-ef210__ef210a.png
JR貨物,東海道/EP桃太郎,EL EF200/EF210,f/ef210n.png,jr_icons/07_freight/el-ef200-ef210__ef210n.png
JR貨物,東海道/EP桃太郎,EL EF200/EF210,f/ef210n1.png,jr_icons/07_freight/el-ef200-ef210__ef210n1.png
JR貨物,東海道/EP桃太郎,EL EF200/EF210,f/ef210l3.png,jr_icons/07_freight/el-ef200-ef210__ef210l3.png
JR貨物,中央貨物など,EL EF64,f/ef64fn1.png,jr_icons/07_freight/el-ef64__ef64fn1.png
JR貨物,中央貨物など,EL EF64,f/ef64fn2.png,jr_icons/07_freight/el-ef64__ef64fn2.png
JR貨物,中央貨物など,EL EF64,f/ef64f.png,jr_icons/07_freight/el-ef64__ef64f.png
JR貨物,*試作機関車,*EF500/ED500,f/ef500.png,jr_icons/07_freight/ef500-ed500__ef500.png
JR貨物,*試作機関車,*EF500/ED500,f/ed500.png,jr_icons/07_freight/ef500-ed500__ed500.png
JR貨物,瀬野八貨物,EL EF67,f/ef67bn.png,jr_icons/07_freight/el-ef67__ef67bn.png
JR貨物,瀬野八貨物,EL EF67,f/ef67b.png,jr_icons/07_freight/el-ef67__ef67b.png
JR貨物,瀬野八貨物,EL EF67,f/ef67s.png,jr_icons/07_freight/el-ef67__ef67s.png
JR貨物,日本海貨物,EL EF81,f/ef81stp_sl.png,jr_icons/07_freight/el-ef81__ef81stp-sl.png
JR貨物,日本海貨物,EL EF81,f/ef81sl5.png,jr_icons/07_freight/el-ef81__ef81sl5.png
JR貨物,日本海貨物,EL EF81,f/ef81-50.png,jr_icons/07_freight/el-ef81__ef81-50.png
JR貨物,EF81貨物,EF81-45 loco,f/ef81-45.png,jr_icons/07_freight/ef81-45-loco__ef81-45.png
JR貨物,東海道貨物,EL EF66,f/ef66-2.png,jr_icons/07_freight/el-ef66__ef66-2.png
JR貨物,東海道貨物,EL EF66,f/ef66sl2.png,jr_icons/07_freight/el-ef66__ef66sl2.png
JR貨物,東海道貨物,EL EF66,f/ef66-2o.png,jr_icons/07_freight/el-ef66__ef66-2o.png
JR貨物,東海道貨物,EL EF66,f/ef66sl2o.png,jr_icons/07_freight/el-ef66__ef66sl2o.png
JR貨物,東海道貨物,EL EF66,f/ef66f.png,jr_icons/07_freight/el-ef66__ef66f.png
JR貨物,東海道貨物,EL EF66,f/ef66f0.png,jr_icons/07_freight/el-ef66__ef66f0.png
JR貨物,東海道貨物,EL EF66,f/ef66fo.png,jr_icons/07_freight/el-ef66__ef66fo.png
JR貨物,東海道貨物,EL EF66,f/ef66fo0.png,jr_icons/07_freight/el-ef66__ef66fo0.png
JR貨物,,日本海/九州貨物,f/ef81hr.png,jr_icons/07_freight/untitled__ef81hr.png
JR貨物,,日本海/九州貨物,f/ef81hrp.png,jr_icons/07_freight/untitled__ef81hrp.png
JR貨物,,日本海/九州貨物,f/ef81jrf.png,jr_icons/07_freight/untitled__ef81jrf.png
JR貨物,,日本海/九州貨物,f/ef81w.png,jr_icons/07_freight/untitled__ef81w.png
JR貨物,,日本海/九州貨物,f/ef81a45.png,jr_icons/07_freight/untitled__ef81a45.png
JR貨物,,日本海/九州貨物,f/ef81st.png,jr_icons/07_freight/untitled__ef81st.png
JR貨物,EF65機関車,EL EF65,f/ef65f21.png,jr_icons/07_freight/el-ef65__ef65f21.png
JR貨物,EF65機関車,EL EF65,f/ef65f.png,jr_icons/07_freight/el-ef65__ef65f.png
JR貨物,EF65機関車,EL EF65,f/ef65n21.png,jr_icons/07_freight/el-ef65__ef65n21.png
JR貨物,EF65機関車,EL EF65,f/ef65_fsr.png,jr_icons/07_freight/el-ef65__ef65-fsr.png
JR貨物,EF65機関車,EL EF65,f/ef65_fr.png,jr_icons/07_freight/el-ef65__ef65-fr.png
JR貨物,EF65機関車,EL EF65,f/ef65_fs.png,jr_icons/07_freight/el-ef65__ef65-fs.png
JR貨物,EF65機関車,EL EF65,f/ef65-21.png,jr_icons/07_freight/el-ef65__ef65-21.png
JR貨物,EF65機関車,EL EF65,f/ef65br.png,jr_icons/07_freight/el-ef65__ef65br.png
JR貨物,EF65機関車,EL EF65,f/ef65_fb.png,jr_icons/07_freight/el-ef65__ef65-fb.png
JR貨物,EF65機関車,EL EF65,f/ef65_fsb.png,jr_icons/07_freight/el-ef65__ef65-fsb.png
JR貨物,EF65機関車,EL EF65,f/ef65_f.png,jr_icons/07_freight/el-ef65__ef65-f.png
JR貨物,EF65機関車,EL EF65,f/ef65_fyp.png,jr_icons/07_freight/el-ef65__ef65-fyp.png
JR貨物,EF65機関車,EL EF65,f/ef65fs.png,jr_icons/07_freight/el-ef65__ef65fs.png
JR貨物,EF65機関車,EL EF65,f/ef65_fyb.png,jr_icons/07_freight/el-ef65__ef65-fyb.png
JR貨物,EF65機関車,EL EF65,f/ef65_fyy.png,jr_icons/07_freight/el-ef65__ef65-fyy.png
JR貨物,EF65機関車,EL EF65,f/ef65_fy.png,jr_icons/07_freight/el-ef65__ef65-fy.png
JR貨物,東北貨物,EL ED75,f/ed75-141.png,jr_icons/07_freight/el-ed75__ed75-141.png
JR貨物,東北貨物,EL ED75,f/ed75p.png,jr_icons/07_freight/el-ed75__ed75p.png
JR貨物,東北貨物,EL ED75,f/ed75w.png,jr_icons/07_freight/el-ed75__ed75w.png
JR貨物,東北貨物,EL ED75,f/ed75n1.png,jr_icons/07_freight/el-ed75__ed75n1.png
JR貨物,九州/*飯田/青函貨物,"EL ED76/62/79




<
	JR九州
｜
	JR総研
>

	
	
	1
	2
	大


2025/2/28 Update",f/ed76w.png,jr_icons/07_freight/el-ed76-62-79-jr-jr-1-2-2025-2-28-update__ed76w.png
JR貨物,九州/*飯田/青函貨物,"EL ED76/62/79




<
	JR九州
｜
	JR総研
>

	
	
	1
	2
	大


2025/2/28 Update",f/ed62f.png,jr_icons/07_freight/el-ed76-62-79-jr-jr-1-2-2025-2-28-update__ed62f.png
JR貨物,九州/*飯田/青函貨物,"EL ED76/62/79




<
	JR九州
｜
	JR総研
>

	
	
	1
	2
	大


2025/2/28 Update",f/ed79f.png,jr_icons/07_freight/el-ed76-62-79-jr-jr-1-2-2025-2-28-update__ed79f.png
JR貨物,*貨物試験色,*EF64-66/ED76,f/ef66-20.png,jr_icons/07_freight/ef64-66-ed76__ef66-20.png
JR貨物,*貨物試験色,*EF64-66/ED76,f/ef66n20.png,jr_icons/07_freight/ef64-66-ed76__ef66n20.png
JR貨物,*貨物試験色,*EF64-66/ED76,f/ed76-37.png,jr_icons/07_freight/ef64-66-ed76__ed76-37.png
JR貨物,*貨物試験色,*EF64-66/ED76,f/ef65-116.png,jr_icons/07_freight/ef64-66-ed76__ef65-116.png
JR貨物,*貨物試験色,*EF64-66/ED76,f/ef65py.png,jr_icons/07_freight/ef64-66-ed76__ef65py.png
JR貨物,*貨物試験色,*EF64-66/ED76,f/ef64y.png,jr_icons/07_freight/ef64-66-ed76__ef64y.png
JR貨物,DE10/11低騒音車,"DE10, DE11",f/de10f.png,jr_icons/07_freight/de10-de11__de10f.png
JR貨物,DE10/11低騒音車,"DE10, DE11",f/de10f0.png,jr_icons/07_freight/de10-de11__de10f0.png
JR貨物,DE10/11低騒音車,"DE10, DE11",f/de10suit.png,jr_icons/07_freight/de10-de11__de10suit.png
JR貨物,DE10/11低騒音車,"DE10, DE11",f/de10fnr2.png,jr_icons/07_freight/de10-de11__de10fnr2.png
JR貨物,DE10/11低騒音車,"DE10, DE11",f/de10n3.png,jr_icons/07_freight/de10-de11__de10n3.png
JR貨物,DE10/11低騒音車,"DE10, DE11",f/de11n2.png,jr_icons/07_freight/de10-de11__de11n2.png
JR貨物,DE10/11低騒音車,"DE10, DE11",f/de10hi.png,jr_icons/07_freight/de10-de11__de10hi.png
JR貨物,中央研修センター,Learning center,f/de10lc.png,jr_icons/07_freight/learning-center__de10lc.png
JR貨物,レッドベア/HB入換車,DF200/ HD300,f/df200p.png,jr_icons/07_freight/df200-hd300__df200p.png
JR貨物,レッドベア/HB入換車,DF200/ HD300,f/df200.png,jr_icons/07_freight/df200-hd300__df200.png
JR貨物,レッドベア/HB入換車,DF200/ HD300,f/df200-2.png,jr_icons/07_freight/df200-hd300__df200-2.png
JR貨物,レッドベア/HB入換車,DF200/ HD300,f/df200sl.png,jr_icons/07_freight/df200-hd300__df200sl.png
JR貨物,レッドベア/HB入換車,DF200/ HD300,f/hd300p.png,jr_icons/07_freight/df200-hd300__hd300p.png
JR貨物,レッドベア/HB入換車,DF200/ HD300,f/hd300.png,jr_icons/07_freight/df200-hd300__hd300.png
JR貨物,レッドベア/HB入換車,DF200/ HD300,f/hd300s.png,jr_icons/07_freight/df200-hd300__hd300s.png
JR貨物,レッドベア/HB入換車,DF200/ HD300,f/hd300-5.png,jr_icons/07_freight/df200-hd300__hd300-5.png
JR貨物,DE10入換色/DD200,DL DE10/DD200,f/de10jrf2.png,jr_icons/07_freight/dl-de10-dd200__de10jrf2.png
JR貨物,DE10入換色/DD200,DL DE10/DD200,f/de10jrf1.png,jr_icons/07_freight/dl-de10-dd200__de10jrf1.png
JR貨物,DE10入換色/DD200,DL DE10/DD200,f/de10pfspr.png,jr_icons/07_freight/dl-de10-dd200__de10pfspr.png
JR貨物,DE10入換色/DD200,DL DE10/DD200,f/de10jrf3.png,jr_icons/07_freight/dl-de10-dd200__de10jrf3.png
JR貨物,DE10入換色/DD200,DL DE10/DD200,f/dd200.png,jr_icons/07_freight/dl-de10-dd200__dd200.png
JR貨物,DE10入換色/DD200,DL DE10/DD200,f/dd200r.png,jr_icons/07_freight/dl-de10-dd200__dd200r.png
JR貨物,*貨物試験色,*DL DD51,f/dd51pbl.png,jr_icons/07_freight/dl-dd51__dd51pbl.png
JR貨物,*貨物試験色,*DL DD51,f/dd51ppi.png,jr_icons/07_freight/dl-dd51__dd51ppi.png
JR貨物,*貨物試験色,*DL DD51,f/dd51pmr.png,jr_icons/07_freight/dl-dd51__dd51pmr.png
JR貨物,DD51貨物,D-loco DD51,f/dd51nr1.png,jr_icons/07_freight/d-loco-dd51__dd51nr1.png
JR貨物,DD51貨物,D-loco DD51,f/dd51nr2.png,jr_icons/07_freight/d-loco-dd51__dd51nr2.png
JR貨物,DD51貨物,D-loco DD51,f/dd51nr3.png,jr_icons/07_freight/d-loco-dd51__dd51nr3.png
JR貨物,DD51貨物,D-loco DD51,f/dd51nr.png,jr_icons/07_freight/d-loco-dd51__dd51nr.png
JR貨物,DD51貨物,D-loco DD51,f/dd51fh.png,jr_icons/07_freight/d-loco-dd51__dd51fh.png
JR貨物,DD51貨物,D-loco DD51,f/dd51f.png,jr_icons/07_freight/d-loco-dd51__dd51f.png
JR貨物,貨物コンテナ車,Freight car,f/jrf110jrfv.png,jr_icons/07_freight/freight-car__jrf110jrfv.png
JR貨物,貨物コンテナ車,Freight car,f/jrf104jrfv.png,jr_icons/07_freight/freight-car__jrf104jrfv.png
JR貨物,貨物コンテナ車,Freight car,f/jrf104jrfv2.png,jr_icons/07_freight/freight-car__jrf104jrfv2.png
JR貨物,貨物コンテナ車,Freight car,f/jrf101jrfv.png,jr_icons/07_freight/freight-car__jrf101jrfv.png
JR貨物,貨物コンテナ車,Freight car,f/jrf106jrfm.png,jr_icons/07_freight/freight-car__jrf106jrfm.png
JR貨物,貨物コンテナ車,Freight car,f/jrf106jrfm2.png,jr_icons/07_freight/freight-car__jrf106jrfm2.png
JR貨物,貨物コンテナ車,Freight car,f/jrf107jrf19dg.png,jr_icons/07_freight/freight-car__jrf107jrf19dg.png
JR貨物,,*たから/有蓋車,f/jrf5000jg.png,jr_icons/07_freight/untitled__jrf5000jg.png
JR貨物,,*たから/有蓋車,f/jrf5001jg.png,jr_icons/07_freight/untitled__jrf5001jg.png
JR貨物,,*たから/有蓋車,f/jrf5002jg.png,jr_icons/07_freight/untitled__jrf5002jg.png
JR貨物,,*たから/有蓋車,f/jrf80000c1.png,jr_icons/07_freight/untitled__jrf80000c1.png
JR貨物,,*たから/有蓋車,f/jrf80000b1.png,jr_icons/07_freight/untitled__jrf80000b1.png
JR貨物,,*たから/有蓋車,f/jrf480000v.png,jr_icons/07_freight/untitled__jrf480000v.png
JR貨物,*貨物コンテナ車,*Freight car,f/jrf5500jnrg.png,jr_icons/07_freight/freight-car__jrf5500jnrg.png
JR貨物,*貨物コンテナ車,*Freight car,f/jrf5500jnrgw.png,jr_icons/07_freight/freight-car__jrf5500jnrgw.png
JR貨物,*貨物コンテナ車,*Freight car,f/jrf5500jnrgb.png,jr_icons/07_freight/freight-car__jrf5500jnrgb.png
JR貨物,*貨物コンテナ車,*Freight car,f/jrf5500jnrgr.png,jr_icons/07_freight/freight-car__jrf5500jnrgr.png
JR貨物,貨物タンク車,Freight car,f/jrf1000bb11.png,jr_icons/07_freight/freight-car__jrf1000bb11.png
JR貨物,貨物タンク車,Freight car,f/jrf1000bb22.png,jr_icons/07_freight/freight-car__jrf1000bb22.png
JR貨物,貨物タンク車,Freight car,f/jrf1000gg12.png,jr_icons/07_freight/freight-car__jrf1000gg12.png
JR貨物,貨物タンク車,Freight car,f/jrf1000gg21.png,jr_icons/07_freight/freight-car__jrf1000gg21.png
JR貨物,貨物コンテナ車,Freight car,f/jrf200mtk.png,jr_icons/07_freight/freight-car__jrf200mtk.png
JR貨物,貨物コンテナ車,Freight car,f/jrf200nkk.png,jr_icons/07_freight/freight-car__jrf200nkk.png
JR貨物,貨物コンテナ車,Freight car,f/jrf200mclc.png,jr_icons/07_freight/freight-car__jrf200mclc.png
JR貨物,*自動車輸送貨物,*Autorack,f/j5002.png,jr_icons/07_freight/autorack__j5002.png
JR貨物,*自動車輸送貨物,*Autorack,f/j5000.png,jr_icons/07_freight/autorack__j5000.png
JR貨物,*自動車輸送貨物,*Autorack,f/j5003.png,jr_icons/07_freight/autorack__j5003.png
JR貨物,*自動車輸送貨物,*Autorack,f/j5001.png,jr_icons/07_freight/autorack__j5001.png
JR貨物,砂利貨物,Freight car,f/jrf800hk1.png,jr_icons/07_freight/freight-car__jrf800hk1.png
JR貨物,JR貨物入換車,Switcher DB500-0,f/db500k.png,jr_icons/07_freight/switcher-db500-0__db500k.png
JR貨物,JR貨物入換車,Switcher DB500-0,f/db500.png,jr_icons/07_freight/switcher-db500-0__db500.png
JR貨物,大分地区入替車,Switcher DB500-50,f/db500-5.png,jr_icons/07_freight/switcher-db500-50__db500-5.png
JR貨物,大分地区入替車,Switcher DB500-50,f/db500k5.png,jr_icons/07_freight/switcher-db500-50__db500k5.png
JR貨物,*カーラック貨物71,*Wagon car 71,f/f71.png,jr_icons/07_freight/wagon-car-71__f71.png
JR貨物,*カーラック貨物71,*Wagon car 71,f/f71k.png,jr_icons/07_freight/wagon-car-71__f71k.png
JR貨物,*チサ9000ピギーバック,*Wagon,f/jrf9000cis.png,jr_icons/07_freight/wagon__jrf9000cis.png
JR貨物,*チサ9000ピギーバック,*Wagon,f/jrf9000cis.png,jr_icons/07_freight/wagon__jrf9000cis-1.png
JR貨物,貨物車掌車/*,Freight car/*,f/jrf8000yo1.png,jr_icons/07_freight/freight-car__jrf8000yo1.png
JR貨物,貨物車掌車/*,Freight car/*,f/jrf8000yo2.png,jr_icons/07_freight/freight-car__jrf8000yo2.png
JR貨物,貨物車掌車/*,Freight car/*,f/jrf38000yo1.png,jr_icons/07_freight/freight-car__jrf38000yo1.png
JR貨物,貨物車掌車/*,Freight car/*,f/jrf38000yo2.png,jr_icons/07_freight/freight-car__jrf38000yo2.png
JR貨物,*船川貨物線,*Funagawa line,f/f-sw10.png,jr_icons/07_freight/funagawa-line__f-sw10.png
JR貨物,貨車トラ,Wagn 45000,f/f45000.png,jr_icons/07_freight/wagn-45000__f45000.png
JR貨物,ホッパ車ホキ2200,"<
	JR九州
｜
	JR総研
>

	
	
	1
	2
	大


2025/10/10 Update",f/f2200.png,jr_icons/07_freight/jr-jr-1-2-2025-10-10-update__f2200.png
